[﻿༄། །​ _83_],﻿༄། །​ _83_,﻿༄། །​ _83_,﻿༄༅། །​ _16_,﻿༄། །​ _83_,﻿༄། །​ _83_
[ཀུན་_100_],ཀུན་_100_,ཀུན་_100_,ཀུན་_100_,ཀུན་_100_,ཀུན་_100_
[བཟང་_100_],བཟང་_100_,བཟང་_100_,བཟང་_100_,བཟང་_100_,བཟང་_100_
[སྨོན་_100_],སྨོན་_100_,སྨོན་_100_,སྨོན་_100_,སྨོན་_100_,སྨོན་_100_
[ལམ་_100_],ལམ་_100_,ལམ་_100_,ལམ་_100_,ལམ་_100_,ལམ་_100_
[གྱི་_100_],གྱི་_100_,གྱི་_100_,གྱི་_100_,གྱི་_100_,གྱི་_100_
[འདྲེན་_100_],འདྲེན་_100_,འདྲེན་_100_,འདྲེན་_100_,འདྲེན་_100_,འདྲེན་_100_
[བྱེད་_100_],བྱེད་_100_,བྱེད་_100_,བྱེད་_100_,བྱེད་_100_,བྱེད་_100_
[ཊཱི་_100_],ཊཱི་_100_,ཊཱི་_100_,ཊཱི་_100_,ཊཱི་_100_,ཊཱི་_100_
[ཀའི་_100_],ཀའི་_100_,ཀའི་_100_,ཀའི་_100_,ཀའི་_100_,ཀའི་_100_
[ཐུར་_100_],ཐུར་_100_,ཐུར་_100_,ཐུར་_100_,ཐུར་_100_,ཐུར་_100_
[མས་_100_],མས་_100_,མས་_100_,མས་_100_,མས་_100_,མས་_100_
[བསལ་_100_],བསལ་_100_,བསལ་_100_,བསལ་_100_,བསལ་_100_,བསལ་_100_
[བ་_100_],བ་_100_,བ་_100_,བ་_100_,བ་_100_,བ་_100_
[བཞུགས_83_],བཞུགས_83_,བཞུགས་སོ_16_,བཞུགས_83_,བཞུགས_83_,བཞུགས_83_
[། །​ ༄༅། །​ _100_],། །​ ༄༅། །​ _100_,། །​ ༄༅། །​ _100_,། །​ ༄༅། །​ _100_,། །​ ༄༅། །​ _100_,། །​ ༄༅། །​ _100_
[ཀུན་_100_],ཀུན་_100_,ཀུན་_100_,ཀུན་_100_,ཀུན་_100_,ཀུན་_100_
[ནས་_100_],ནས་_100_,ནས་_100_,ནས་_100_,ནས་_100_,ནས་_100_
[ཀུན་_100_],ཀུན་_100_,ཀུན་_100_,ཀུན་_100_,ཀུན་_100_,ཀུན་_100_
[ཏུ་_100_],ཏུ་_100_,ཏུ་_100_,ཏུ་_100_,ཏུ་_100_,ཏུ་_100_
[བདེ་_100_],བདེ་_100_,བདེ་_100_,བདེ་_100_,བདེ་_100_,བདེ་_100_
[གཤེགས་_100_],གཤེགས་_100_,གཤེགས་_100_,གཤེགས་_100_,གཤེགས་_100_,གཤེགས་_100_
[སྙིང་_100_],སྙིང་_100_,སྙིང་_100_,སྙིང་_100_,སྙིང་_100_,སྙིང་_100_
[པོའི་_100_],པོའི་_100_,པོའི་_100_,པོའི་_100_,པོའི་_100_,པོའི་_100_
[ཁམས_100_],ཁམས_100_,ཁམས_100_,ཁམས_100_,ཁམས_100_,ཁམས_100_
[། །​_100_],། །​_100_,། །​_100_,། །​_100_,། །​_100_,། །​_100_
[ཀུན་_100_],ཀུན་_100_,ཀུན་_100_,ཀུན་_100_,ཀུན་_100_,ཀུན་_100_
[ནས་_100_],ནས་_100_,ནས་_100_,ནས་_100_,ནས་_100_,ནས་_100_
[ཀུན་_100_],ཀུན་_100_,ཀུན་_100_,ཀུན་_100_,ཀུན་_100_,ཀུན་_100_
[ཏུ་_100_],ཏུ་_100_,ཏུ་_100_,ཏུ་_100_,ཏུ་_100_,ཏུ་_100_
[རྣམ་_100_],རྣམ་_100_,རྣམ་_100_,རྣམ་_100_,རྣམ་_100_,རྣམ་_100_
[ཐར་_100_],ཐར་_100_,ཐར་_100_,ཐར་_100_,ཐར་_100_,ཐར་_100_
[སྒོ་_100_],སྒོ་_100_,སྒོ་_100_,སྒོ་_100_,སྒོ་_100_,སྒོ་_100_
[གསུམ་_100_],གསུམ་_100_,གསུམ་_100_,གསུམ་_100_,གསུམ་_100_,གསུམ་_100_
[ཀློང་_100_],ཀློང་_100_,ཀློང་_100_,ཀློང་_100_,ཀློང་_100_,ཀློང་_100_
[། །​ _100_],། །​ _100_,། །​ _100_,། །​ _100_,། །​ _100_,། །​ _100_
[ཀུན་_100_],ཀུན་_100_,ཀུན་_100_,ཀུན་_100_,ཀུན་_100_,ཀུན་_100_
[ནས་_100_],ནས་_100_,ནས་_100_,ནས་_100_,ནས་_100_,ནས་_100_
[ཀུན་_100_],ཀུན་_100_,ཀུན་_100_,ཀུན་_100_,ཀུན་_100_,ཀུན་_100_
[ཏུ་_100_],ཏུ་_100_,ཏུ་_100_,ཏུ་_100_,ཏུ་_100_,ཏུ་_100_
[བྲལ་_100_],བྲལ་_100_,བྲལ་_100_,བྲལ་_100_,བྲལ་_100_,བྲལ་_100_
[ཐོབ་_100_],ཐོབ་_100_,ཐོབ་_100_,ཐོབ་_100_,ཐོབ་_100_,ཐོབ་_100_
[སྤངས་_83_],སྤངས་_83_,སྤངས་_83_,སྤང་_16_,སྤངས་_83_,སྤངས་_83_
[གྱུར་_100_],གྱུར་_100_,གྱུར་_100_,གྱུར་_100_,གྱུར་_100_,གྱུར་_100_
[ན_66_],ན_66_,ན_66_,ནས_33_,ནས_33_,ན_66_
[། །​_100_],། །​_100_,། །​_100_,། །​_100_,། །​_100_,། །​_100_
[ཀུན་_100_],ཀུན་_100_,ཀུན་_100_,ཀུན་_100_,ཀུན་_100_,ཀུན་_100_
[ནས་_100_],ནས་_100_,ནས་_100_,ནས་_100_,ནས་_100_,ནས་_100_
[ཀུན་_100_],ཀུན་_100_,ཀུན་_100_,ཀུན་_100_,ཀུན་_100_,ཀུན་_100_
[ཏུ་_100_],ཏུ་_100_,ཏུ་_100_,ཏུ་_100_,ཏུ་_100_,ཏུ་_100_
[བཟང་_100_],བཟང་_100_,བཟང་_100_,བཟང་_100_,བཟང་_100_,བཟང་_100_
[པོའི་_100_],པོའི་_100_,པོའི་_100_,པོའི་_100_,པོའི་_100_,པོའི་_100_
[རང་_100_],རང་_100_,རང་_100_,རང་_100_,རང་_100_,རང་_100_
[བཞིན་_100_],བཞིན་_100_,བཞིན་_100_,བཞིན་_100_,བཞིན་_100_,བཞིན་_100_
[ནོ_100_],ནོ_100_,ནོ_100_,ནོ_100_,ནོ_100_,ནོ_100_
[། །​ _100_],། །​ _100_,། །​ _100_,། །​ _100_,། །​ _100_,། །​ _100_
[དེ་_100_],དེ་_100_,དེ་_100_,དེ་_100_,དེ་_100_,དེ་_100_
[ལ་_100_],ལ་_100_,ལ་_100_,ལ་_100_,ལ་_100_,ལ་_100_
[སྣང་_100_],སྣང་_100_,སྣང་_100_,སྣང་_100_,སྣང་_100_,སྣང་_100_
[སྲིད་_100_],སྲིད་_100_,སྲིད་_100_,སྲིད་_100_,སྲིད་_100_,སྲིད་_100_
[འཁོར་_100_],འཁོར་_100_,འཁོར་_100_,འཁོར་_100_,འཁོར་_100_,འཁོར་_100_
[འདས་_100_],འདས་_100_,འདས་_100_,འདས་_100_,འདས་_100_,འདས་_100_
[ཐམས་_100_],ཐམས་_100_,ཐམས་_100_,ཐམས་_100_,ཐམས་_100_,ཐམས་_100_
[ཅད་_100_],ཅད་_100_,ཅད་_100_,ཅད་_100_,ཅད་_100_,ཅད་_100_
[ཀུ_50_],ཀུ_50_,ཀུན_50_,ཀུན_50_,ཀུ_50_,ཀུན_50_
[༔ _100_],༔ _100_,༔ _100_,༔ _100_,༔ _100_,༔ _100_
[གཞི་_100_],གཞི་_100_,གཞི་_100_,གཞི་_100_,གཞི་_100_,གཞི་_100_
[གཅིག་_100_],གཅིག་_100_,གཅིག་_100_,གཅིག་_100_,གཅིག་_100_,གཅིག་_100_
[ཞེས་_100_],ཞེས་_100_,ཞེས་_100_,ཞེས་_100_,ཞེས་_100_,ཞེས་_100_
[པ་_100_],པ་_100_,པ་_100_,པ་_100_,པ་_100_,པ་_100_
[ནས་_100_],ནས་_100_,ནས་_100_,ནས་_100_,ནས་_100_,ནས་_100_
[སངས་_100_],སངས་_100_,སངས་_100_,སངས་_100_,སངས་_100_,སངས་_100_
[རྒྱས་_100_],རྒྱས་_100_,རྒྱས་_100_,རྒྱས་_100_,རྒྱས་_100_,རྒྱས་_100_
[ཤོག_100_],ཤོག_100_,ཤོག_100_,ཤོག_100_,ཤོག_100_,ཤོག_100_
[། _100_],། _100_,། _100_,། _100_,། _100_,། _100_
[ཅེས་_100_],ཅེས་_100_,ཅེས་_100_,ཅེས་_100_,ཅེས་_100_,ཅེས་_100_
[པའི་_100_],པའི་_100_,པའི་_100_,པའི་_100_,པའི་_100_,པའི་_100_
[རྐང་_100_],རྐང་_100_,རྐང་_100_,རྐང་_100_,རྐང་_100_,རྐང་_100_
[བ་_100_],བ་_100_,བ་_100_,བ་_100_,བ་_100_,བ་_100_
[དང་_100_],དང་_100_,དང་_100_,དང་_100_,དང་_100_,དང་_100_
[པོ་_100_],པོ་_100_,པོ་_100_,པོ་_100_,པོ་_100_,པོ་_100_
[ནི་_100_],ནི་_100_,ནི་_100_,ནི་_100_,ནི་_100_,ནི་_100_
[གོ་_100_],གོ་_100_,གོ་_100_,གོ་_100_,གོ་_100_,གོ་_100_
[སླ་_100_],སླ་_100_,སླ་_100_,སླ་_100_,སླ་_100_,སླ་_100_
[ཡང་_100_],ཡང་_100_,ཡང་_100_,ཡང་_100_,ཡང་_100_,ཡང་_100_
[། _100_],། _100_,། _100_,། _100_,། _100_,། _100_
[གཞི་_100_],གཞི་_100_,གཞི་_100_,གཞི་_100_,གཞི་_100_,གཞི་_100_
[གཅིག་_100_],གཅིག་_100_,གཅིག་_100_,གཅིག་_100_,གཅིག་_100_,གཅིག་_100_
[ལམ་_100_],ལམ་_100_,ལམ་_100_,ལམ་_100_,ལམ་_100_,ལམ་_100_
[གཉིས་_100_],གཉིས་_100_,གཉིས་_100_,གཉིས་_100_,གཉིས་_100_,གཉིས་_100_
[ལ་_100_],ལ་_100_,ལ་_100_,ལ་_100_,ལ་_100_,ལ་_100_
[སོགས་_100_],སོགས་_100_,སོགས་_100_,སོགས་_100_,སོགས་_100_,སོགས་_100_
[པའི་_100_],པའི་_100_,པའི་_100_,པའི་_100_,པའི་_100_,པའི་_100_
[དོན_100_],དོན_100_,དོན_100_,དོན_100_,དོན_100_,དོན_100_
[། _100_],། _100_,། _100_,། _100_,། _100_,། _100_
[གཞི་_100_],གཞི་_100_,གཞི་_100_,གཞི་_100_,གཞི་_100_,གཞི་_100_
[གཅིག་_100_],གཅིག་_100_,གཅིག་_100_,གཅིག་_100_,གཅིག་_100_,གཅིག་_100_
[ནི་_100_],ནི་_100_,ནི་_100_,ནི་_100_,ནི་_100_,ནི་_100_
[ཤིན་_100_],ཤིན་_100_,ཤིན་_100_,ཤིན་_100_,ཤིན་_100_,ཤིན་_100_
[ཏུ་_100_],ཏུ་_100_,ཏུ་_100_,ཏུ་_100_,ཏུ་_100_,ཏུ་_100_
[རགས་པའི་_83_],རགས་པའི་_83_,རགས་པའི་_83_,རང་སའི་_16_,རགས་པའི་_83_,རགས་པའི་_83_
[རྣམ་_100_],རྣམ་_100_,རྣམ་_100_,རྣམ་_100_,རྣམ་_100_,རྣམ་_100_
[གཞག་_83_],གཞག་_83_,གཞག་_83_,བཞག་_16_,གཞག་_83_,གཞག་_83_
[སྟེ_100_],སྟེ_100_,སྟེ_100_,སྟེ_100_,སྟེ_100_,སྟེ_100_
[། _100_],། _100_,། _100_,། _100_,། _100_,། _100_
[རྫོགས་_100_],རྫོགས་_100_,རྫོགས་_100_,རྫོགས་_100_,རྫོགས་_100_,རྫོགས་_100_
[པ་_100_],པ་_100_,པ་_100_,པ་_100_,པ་_100_,པ་_100_
[ཆེན་_100_],ཆེན་_100_,ཆེན་_100_,ཆེན་_100_,ཆེན་_100_,ཆེན་_100_
[པོའི་_100_],པོའི་_100_,པོའི་_100_,པོའི་_100_,པོའི་_100_,པོའི་_100_
[རྒྱུད་_100_],རྒྱུད་_100_,རྒྱུད་_100_,རྒྱུད་_100_,རྒྱུད་_100_,རྒྱུད་_100_
[ལས་_100_],ལས་_100_,ལས་_100_,ལས་_100_,ལས་_100_,ལས་_100_
[གཞི་_100_],གཞི་_100_,གཞི་_100_,གཞི་_100_,གཞི་_100_,གཞི་_100_
[བདུན་_100_],བདུན་_100_,བདུན་_100_,བདུན་_100_,བདུན་_100_,བདུན་_100_
[དུ་_100_],དུ་_100_,དུ་_100_,དུ་_100_,དུ་_100_,དུ་_100_
[བསྟན་_100_],བསྟན་_100_,བསྟན་_100_,བསྟན་_100_,བསྟན་_100_,བསྟན་_100_
[ནས་_100_],ནས་_100_,ནས་_100_,ནས་_100_,ནས་_100_,ནས་_100_
[ཀ་_100_],ཀ་_100_,ཀ་_100_,ཀ་_100_,ཀ་_100_,ཀ་_100_
[དག་_100_],དག་_100_,དག་_100_,དག་_100_,དག་_100_,དག་_100_
[གི་_100_],གི་_100_,གི་_100_,གི་_100_,གི་_100_,གི་_100_
[ཡེ་_100_],ཡེ་_100_,ཡེ་_100_,ཡེ་_100_,ཡེ་_100_,ཡེ་_100_
[གཞི་_100_],གཞི་_100_,གཞི་_100_,གཞི་_100_,གཞི་_100_,གཞི་_100_
[སྐྱོན་_100_],སྐྱོན་_100_,སྐྱོན་_100_,སྐྱོན་_100_,སྐྱོན་_100_,སྐྱོན་_100_
[མེད་_100_],མེད་_100_,མེད་_100_,མེད་_100_,མེད་_100_,མེད་_100_
[དུ་_100_],དུ་_100_,དུ་_100_,དུ་_100_,དུ་_100_,དུ་_100_
[འདོད་_100_],འདོད་_100_,འདོད་_100_,འདོད་_100_,འདོད་_100_,འདོད་_100_
[པ་_100_],པ་_100_,པ་_100_,པ་_100_,པ་_100_,པ་_100_
[ཉིད་_100_],ཉིད་_100_,ཉིད་_100_,ཉིད་_100_,ཉིད་_100_,ཉིད་_100_
[ཀྱང་_100_],ཀྱང་_100_,ཀྱང་_100_,ཀྱང་_100_,ཀྱང་_100_,ཀྱང་_100_
[། _100_],། _100_,། _100_,། _100_,། _100_,། _100_
[འདིར་_100_],འདིར་_100_,འདིར་_100_,འདིར་_100_,འདིར་_100_,འདིར་_100_
[ཀུན་_100_],ཀུན་_100_,ཀུན་_100_,ཀུན་_100_,ཀུན་_100_,ཀུན་_100_
[གཞི་_100_],གཞི་_100_,གཞི་_100_,གཞི་_100_,གཞི་_100_,གཞི་_100_
[ལུང་_100_],ལུང་_100_,ལུང་_100_,ལུང་_100_,ལུང་_100_,ལུང་_100_
[མ་_100_],མ་_100_,མ་_100_,མ་_100_,མ་_100_,མ་_100_
[བསྟན་ལ་_83_],བསྟན་ལ་_83_,བསྟན་ལ་_83_,བསྟན་ལ་_83_,བསྟན་ལ་_83_,བསྟན་_16_
[གཞི་_100_],གཞི་_100_,གཞི་_100_,གཞི་_100_,གཞི་_100_,གཞི་_100_
[འདོད་_100_],འདོད་_100_,འདོད་_100_,འདོད་_100_,འདོད་_100_,འདོད་_100_
[པའི་_100_],པའི་_100_,པའི་_100_,པའི་_100_,པའི་_100_,པའི་_100_
[ཕྱོགས་_100_],ཕྱོགས་_100_,ཕྱོགས་_100_,ཕྱོགས་_100_,ཕྱོགས་_100_,ཕྱོགས་_100_
[སུ་_100_],སུ་_100_,སུ་_100_,སུ་_100_,སུ་_100_,སུ་_100_
[བྱས་_100_],བྱས་_100_,བྱས་_100_,བྱས་_100_,བྱས་_100_,བྱས་_100_
[ཏེ_100_],ཏེ_100_,ཏེ_100_,ཏེ_100_,ཏེ_100_,ཏེ_100_
[། _100_],། _100_,། _100_,། _100_,། _100_,། _100_
[ལུང་_100_],ལུང་_100_,ལུང་_100_,ལུང་_100_,ལུང་_100_,ལུང་_100_
[མ་_100_],མ་_100_,མ་_100_,མ་_100_,མ་_100_,མ་_100_
[བསྟན་_100_],བསྟན་_100_,བསྟན་_100_,བསྟན་_100_,བསྟན་_100_,བསྟན་_100_
[གྱི་_100_],གྱི་_100_,གྱི་_100_,གྱི་_100_,གྱི་_100_,གྱི་_100_
[ཤེས་_100_],ཤེས་_100_,ཤེས་_100_,ཤེས་_100_,ཤེས་_100_,ཤེས་_100_
[པ་_100_],པ་_100_,པ་_100_,པ་_100_,པ་_100_,པ་_100_
[དེ་_100_],དེ་_100_,དེ་_100_,དེ་_100_,དེ་_100_,དེ་_100_
[ཉིད་_100_],ཉིད་_100_,ཉིད་_100_,ཉིད་_100_,ཉིད་_100_,ཉིད་_100_
[ལ་_100_],ལ་_100_,ལ་_100_,ལ་_100_,ལ་_100_,ལ་_100_
[ལྷག་_100_],ལྷག་_100_,ལྷག་_100_,ལྷག་_100_,ལྷག་_100_,ལྷག་_100_
[མཐོང་_100_],མཐོང་_100_,མཐོང་_100_,མཐོང་_100_,མཐོང་_100_,མཐོང་_100_
[གི་_100_],གི་_100_,གི་_100_,གི་_100_,གི་_100_,གི་_100_
[རྩལ་_100_],རྩལ་_100_,རྩལ་_100_,རྩལ་_100_,རྩལ་_100_,རྩལ་_100_
[ཤར་_100_],ཤར་_100_,ཤར་_100_,ཤར་_100_,ཤར་_100_,ཤར་_100_
[ཏེ_100_],ཏེ_100_,ཏེ_100_,ཏེ_100_,ཏེ_100_,ཏེ_100_
[། _100_],། _100_,། _100_,། _100_,། _100_,། _100_
[རང་_100_],རང་_100_,རང་_100_,རང་_100_,རང་_100_,རང་_100_
[ངོ་_100_],ངོ་_100_,ངོ་_100_,ངོ་_100_,ངོ་_100_,ངོ་_100_
[ཪིག་_100_],ཪིག་_100_,ཪིག་_100_,ཪིག་_100_,ཪིག་_100_,ཪིག་_100_
[ན་_100_],ན་_100_,ན་_100_,ན་_100_,ན་_100_,ན་_100_
[སངས་_100_],སངས་_100_,སངས་_100_,སངས་_100_,སངས་_100_,སངས་_100_
[རྒྱས་_100_],རྒྱས་_100_,རྒྱས་_100_,རྒྱས་_100_,རྒྱས་_100_,རྒྱས་_100_
[ཀྱི་_100_],ཀྱི་_100_,ཀྱི་_100_,ཀྱི་_100_,ཀྱི་_100_,ཀྱི་_100_
[ལམ་_100_],ལམ་_100_,ལམ་_100_,ལམ་_100_,ལམ་_100_,ལམ་_100_
[དང་_100_],དང་_100_,དང་_100_,དང་_100_,དང་_100_,དང་_100_
[། _100_],། _100_,། _100_,། _100_,། _100_,། _100_
[མ་_100_],མ་_100_,མ་_100_,མ་_100_,མ་_100_,མ་_100_
[རིག་_100_],རིག་_100_,རིག་_100_,རིག་_100_,རིག་_100_,རིག་_100_
[ན་_100_],ན་_100_,ན་_100_,ན་_100_,ན་_100_,ན་_100_
[འཁོར་_100_],འཁོར་_100_,འཁོར་_100_,འཁོར་_100_,འཁོར་_100_,འཁོར་_100_
[བའི་_100_],བའི་_100_,བའི་_100_,བའི་_100_,བའི་_100_,བའི་_100_
[ལམ་_100_],ལམ་_100_,ལམ་_100_,ལམ་_100_,ལམ་_100_,ལམ་_100_
[སྟེ_100_],སྟེ_100_,སྟེ_100_,སྟེ_100_,སྟེ_100_,སྟེ_100_
[། _100_],། _100_,། _100_,། _100_,། _100_,། _100_
[དེ་_100_],དེ་_100_,དེ་_100_,དེ་_100_,དེ་_100_,དེ་_100_
[གཉིས་_100_],གཉིས་_100_,གཉིས་_100_,གཉིས་_100_,གཉིས་_100_,གཉིས་_100_
[ལ་_100_],ལ་_100_,ལ་_100_,ལ་_100_,ལ་_100_,ལ་_100_
[འབྲས་_100_],འབྲས་_100_,འབྲས་_100_,འབྲས་_100_,འབྲས་_100_,འབྲས་_100_
[བུའང་_100_],བུའང་_100_,བུའང་_100_,བུའང་_100_,བུའང་_100_,བུའང་_100_
[སངས་_100_],སངས་_100_,སངས་_100_,སངས་_100_,སངས་_100_,སངས་_100_
[རྒྱས་_100_],རྒྱས་_100_,རྒྱས་_100_,རྒྱས་_100_,རྒྱས་_100_,རྒྱས་_100_
[དང་_100_],དང་_100_,དང་_100_,དང་_100_,དང་_100_,དང་_100_
[། _100_],། _100_,། _100_,། _100_,། _100_,། _100_
[སེམས་_100_],སེམས་_100_,སེམས་_100_,སེམས་_100_,སེམས་_100_,སེམས་_100_
[ཅན་_100_],ཅན་_100_,ཅན་_100_,ཅན་_100_,ཅན་_100_,ཅན་_100_
[གཉིས་_100_],གཉིས་_100_,གཉིས་_100_,གཉིས་_100_,གཉིས་_100_,གཉིས་_100_
[འབྱུང་_100_],འབྱུང་_100_,འབྱུང་_100_,འབྱུང་_100_,འབྱུང་_100_,འབྱུང་_100_
[བའོ_100_],བའོ_100_,བའོ_100_,བའོ_100_,བའོ_100_,བའོ_100_
[། །​_100_],། །​_100_,། །​_100_,། །​_100_,། །​_100_,། །​_100_
[དེའི་_100_],དེའི་_100_,དེའི་_100_,དེའི་_100_,དེའི་_100_,དེའི་_100_
[འགྲོས་_100_],འགྲོས་_100_,འགྲོས་_100_,འགྲོས་_100_,འགྲོས་_100_,འགྲོས་_100_
[ཀྱིས་_100_],ཀྱིས་_100_,ཀྱིས་_100_,ཀྱིས་_100_,ཀྱིས་_100_,ཀྱིས་_100_
[གཞན་_100_],གཞན་_100_,གཞན་_100_,གཞན་_100_,གཞན་_100_,གཞན་_100_
[རྣམས་_100_],རྣམས་_100_,རྣམས་_100_,རྣམས་_100_,རྣམས་_100_,རྣམས་_100_
[གོ་_100_],གོ་_100_,གོ་_100_,གོ་_100_,གོ་_100_,གོ་_100_
[སླའོ_100_],སླའོ_100_,སླའོ_100_,སླའོ_100_,སླའོ_100_,སླའོ_100_
[། _100_],། _100_,། _100_,། _100_,། _100_,། _100_
[ཡང་_100_],ཡང་_100_,ཡང་_100_,ཡང་_100_,ཡང་_100_,ཡང་_100_
[ཀུན་_100_],ཀུན་_100_,ཀུན་_100_,ཀུན་_100_,ཀུན་_100_,ཀུན་_100_
[གྱི་_100_],གྱི་_100_,གྱི་_100_,གྱི་_100_,གྱི་_100_,གྱི་_100_
[གཞི་_100_],གཞི་_100_,གཞི་_100_,གཞི་_100_,གཞི་_100_,གཞི་_100_
[ནི་_100_],ནི་_100_,ནི་_100_,ནི་_100_,ནི་_100_,ནི་_100_
[འདུས་_100_],འདུས་_100_,འདུས་_100_,འདུས་_100_,འདུས་_100_,འདུས་_100_
[མ་_100_],མ་_100_,མ་_100_,མ་_100_,མ་_100_,མ་_100_
[བྱས_100_],བྱས_100_,བྱས_100_,བྱས_100_,བྱས_100_,བྱས_100_
[༔ _100_],༔ _100_,༔ _100_,༔ _100_,༔ _100_,༔ _100_
[ཞེས་_100_],ཞེས་_100_,ཞེས་_100_,ཞེས་_100_,ཞེས་_100_,ཞེས་_100_
[པ་_100_],པ་_100_,པ་_100_,པ་_100_,པ་_100_,པ་_100_
[ལ་_100_],ལ་_100_,ལ་_100_,ལ་_100_,ལ་_100_,ལ་_100_
[སོགས་_100_],སོགས་_100_,སོགས་_100_,སོགས་_100_,སོགས་_100_,སོགས་_100_
[པའི་_100_],པའི་_100_,པའི་_100_,པའི་_100_,པའི་_100_,པའི་_100_
[དོན་_100_],དོན་_100_,དོན་_100_,དོན་_100_,དོན་_100_,དོན་_100_
[ནི_100_],ནི_100_,ནི_100_,ནི_100_,ནི_100_,ནི_100_
[། _100_],། _100_,། _100_,། _100_,། _100_,། _100_
[རང་_100_],རང་_100_,རང་_100_,རང་_100_,རང་_100_,རང་_100_
[བྱུང་_100_],བྱུང་_100_,བྱུང་_100_,བྱུང་_100_,བྱུང་_100_,བྱུང་_100_
[ཀློང་_100_],ཀློང་_100_,ཀློང་_100_,ཀློང་_100_,ཀློང་_100_,ཀློང་_100_
[ཡངས་_100_],ཡངས་_100_,ཡངས་_100_,ཡངས་_100_,ཡངས་_100_,ཡངས་_100_
[ཀྱི་_100_],ཀྱི་_100_,ཀྱི་_100_,ཀྱི་_100_,ཀྱི་_100_,ཀྱི་_100_
[སྒྲས_100_],སྒྲས_100_,སྒྲས_100_,སྒྲས_100_,སྒྲས_100_,སྒྲས_100_
[། _100_],། _100_,། _100_,། _100_,། _100_,། _100_
[ཀ་_100_],ཀ་_100_,ཀ་_100_,ཀ་_100_,ཀ་_100_,ཀ་_100_
[དག་_100_],དག་_100_,དག་_100_,དག་_100_,དག་_100_,དག་_100_
[གི་_100_],གི་_100_,གི་_100_,གི་_100_,གི་_100_,གི་_100_
[ཡེ་_100_],ཡེ་_100_,ཡེ་_100_,ཡེ་_100_,ཡེ་_100_,ཡེ་_100_
[གཞི་_100_],གཞི་_100_,གཞི་_100_,གཞི་_100_,གཞི་_100_,གཞི་_100_
[སྐྱོན་_100_],སྐྱོན་_100_,སྐྱོན་_100_,སྐྱོན་_100_,སྐྱོན་_100_,སྐྱོན་_100_
[མེད་_100_],མེད་_100_,མེད་_100_,མེད་_100_,མེད་_100_,མེད་_100_
[དུ་_100_],དུ་_100_,དུ་_100_,དུ་_100_,དུ་_100_,དུ་_100_
[ཁས་_100_],ཁས་_100_,ཁས་_100_,ཁས་_100_,ཁས་_100_,ཁས་_100_
[བླངས་_100_],བླངས་_100_,བླངས་_100_,བླངས་_100_,བླངས་_100_,བླངས་_100_
[པའི་_100_],པའི་_100_,པའི་_100_,པའི་_100_,པའི་_100_,པའི་_100_
[དབང་_100_],དབང་_100_,དབང་_100_,དབང་_100_,དབང་_100_,དབང་_100_
[དུ་_100_],དུ་_100_,དུ་_100_,དུ་_100_,དུ་_100_,དུ་_100_
[བྱས་_100_],བྱས་_100_,བྱས་_100_,བྱས་_100_,བྱས་_100_,བྱས་_100_
[ཏེ_100_],ཏེ_100_,ཏེ_100_,ཏེ_100_,ཏེ_100_,ཏེ_100_
[། _100_],། _100_,། _100_,། _100_,། _100_,། _100_
[བསམ་_100_],བསམ་_100_,བསམ་_100_,བསམ་_100_,བསམ་_100_,བསམ་_100_
[བརྗོད་_100_],བརྗོད་_100_,བརྗོད་_100_,བརྗོད་_100_,བརྗོད་_100_,བརྗོད་_100_
[བློ་_100_],བློ་_100_,བློ་_100_,བློ་_100_,བློ་_100_,བློ་_100_
[བྲལ་_100_],བྲལ་_100_,བྲལ་_100_,བྲལ་_100_,བྲལ་_100_,བྲལ་_100_
[གྱི་_100_],གྱི་_100_,གྱི་_100_,གྱི་_100_,གྱི་_100_,གྱི་_100_
[ཤེས་_100_],ཤེས་_100_,ཤེས་_100_,ཤེས་_100_,ཤེས་_100_,ཤེས་_100_
[པ་_100_],པ་_100_,པ་_100_,པ་_100_,པ་_100_,པ་_100_
[དེ་_100_],དེ་_100_,དེ་_100_,དེ་_100_,དེ་_100_,དེ་_100_
[ཉིད་_100_],ཉིད་_100_,ཉིད་_100_,ཉིད་_100_,ཉིད་_100_,ཉིད་_100_
[ཀྱི་_100_],ཀྱི་_100_,ཀྱི་_100_,ཀྱི་_100_,ཀྱི་_100_,ཀྱི་_100_
[རང་_100_],རང་_100_,རང་_100_,རང་_100_,རང་_100_,རང་_100_
[ངོ་_83_],ངོ་_83_,ངོ་_83_,ངོར་_16_,ངོ་_83_,ངོ་_83_
[རང་_100_],རང་_100_,རང་_100_,རང་_100_,རང་_100_,རང་_100_
[གིས་_100_],གིས་_100_,གིས་_100_,གིས་_100_,གིས་_100_,གིས་_100_
[རིག་_100_],རིག་_100_,རིག་_100_,རིག་_100_,རིག་_100_,རིག་_100_
[ན་_100_],ན་_100_,ན་_100_,ན་_100_,ན་_100_,ན་_100_
[སངས་_100_],སངས་_100_,སངས་_100_,སངས་_100_,སངས་_100_,སངས་_100_
[རྒྱས་_100_],རྒྱས་_100_,རྒྱས་_100_,རྒྱས་_100_,རྒྱས་_100_,རྒྱས་_100_
[དང་_100_],དང་_100_,དང་_100_,དང་_100_,དང་_100_,དང་_100_
[། _100_],། _100_,། _100_,། _100_,། _100_,། _100_
[མ་_100_],མ་_100_,མ་_100_,མ་_100_,མ་_100_,མ་_100_
[རིག་_100_],རིག་_100_,རིག་_100_,རིག་_100_,རིག་_100_,རིག་_100_
[ན་_100_],ན་_100_,ན་_100_,ན་_100_,ན་_100_,ན་_100_
[སེམས་_100_],སེམས་_100_,སེམས་_100_,སེམས་_100_,སེམས་_100_,སེམས་_100_
[ཅན་_100_],ཅན་_100_,ཅན་_100_,ཅན་_100_,ཅན་_100_,ཅན་_100_
[ཏེ་_100_],ཏེ་_100_,ཏེ་_100_,ཏེ་_100_,ཏེ་_100_,ཏེ་_100_
[འཁོར་_100_],འཁོར་_100_,འཁོར་_100_,འཁོར་_100_,འཁོར་_100_,འཁོར་_100_
[བའི་_100_],བའི་_100_,བའི་_100_,བའི་_100_,བའི་_100_,བའི་_100_
[རང་_100_],རང་_100_,རང་_100_,རང་_100_,རང་_100_,རང་_100_
[བཞིན་_100_],བཞིན་_100_,བཞིན་_100_,བཞིན་_100_,བཞིན་_100_,བཞིན་_100_
[ཡིན་_100_],ཡིན་_100_,ཡིན་_100_,ཡིན་_100_,ཡིན་_100_,ཡིན་_100_
[པས་_100_],པས་_100_,པས་_100_,པས་_100_,པས་_100_,པས་_100_
[ན_100_],ན_100_,ན_100_,ན_100_,ན_100_,ན_100_
[།_100_],།_100_,།_100_,།_100_,།_100_,།_100_
[སེམས་_100_],སེམས་_100_,སེམས་_100_,སེམས་_100_,སེམས་_100_,སེམས་_100_
[ཅན་_100_],ཅན་_100_,ཅན་_100_,ཅན་_100_,ཅན་_100_,ཅན་_100_
[གྱིས་_83_],གྱིས་_83_,གྱིས་_83_,གྱིས་_83_,གྱིས་_83_,གྱི་_16_
[དེ་_100_],དེ་_100_,དེ་_100_,དེ་_100_,དེ་_100_,དེ་_100_
[དོན་_100_],དོན་_100_,དོན་_100_,དོན་_100_,དོན་_100_,དོན་_100_
[རིག་_100_],རིག་_100_,རིག་_100_,རིག་_100_,རིག་_100_,རིག་_100_
[པར་_100_],པར་_100_,པར་_100_,པར་_100_,པར་_100_,པར་_100_
[སྨོན་_100_],སྨོན་_100_,སྨོན་_100_,སྨོན་_100_,སྨོན་_100_,སྨོན་_100_
[པའོ_100_],པའོ_100_,པའོ_100_,པའོ_100_,པའོ_100_,པའོ_100_
[། _100_],། _100_,། _100_,། _100_,། _100_,། _100_
[ཀུན་_100_],ཀུན་_100_,ཀུན་_100_,ཀུན་_100_,ཀུན་_100_,ཀུན་_100_
[ཏུ་_100_],ཏུ་_100_,ཏུ་_100_,ཏུ་_100_,ཏུ་_100_,ཏུ་_100_
[བཟང་_100_],བཟང་_100_,བཟང་_100_,བཟང་_100_,བཟང་_100_,བཟང་_100_
[པོ་_100_],པོ་_100_,པོ་_100_,པོ་_100_,པོ་_100_,པོ་_100_
[ང་_100_],ང་_100_,ང་_100_,ང་_100_,ང་_100_,ང་_100_
[ཡིས་_100_],ཡིས་_100_,ཡིས་_100_,ཡིས་_100_,ཡིས་_100_,ཡིས་_100_
[ཀྱང་_100_],ཀྱང་_100_,ཀྱང་_100_,ཀྱང་_100_,ཀྱང་_100_,ཀྱང་_100_
[༔ _100_],༔ _100_,༔ _100_,༔ _100_,༔ _100_,༔ _100_
[རྒྱུ་_100_],རྒྱུ་_100_,རྒྱུ་_100_,རྒྱུ་_100_,རྒྱུ་_100_,རྒྱུ་_100_
[རྐྱེན་_100_],རྐྱེན་_100_,རྐྱེན་_100_,རྐྱེན་_100_,རྐྱེན་_100_,རྐྱེན་_100_
[མེད་_100_],མེད་_100_,མེད་_100_,མེད་_100_,མེད་_100_,མེད་_100_
[པ་_100_],པ་_100_,པ་_100_,པ་_100_,པ་_100_,པ་_100_
[ཞེས་_100_],ཞེས་_100_,ཞེས་_100_,ཞེས་_100_,ཞེས་_100_,ཞེས་_100_
[པ་_100_],པ་_100_,པ་_100_,པ་_100_,པ་_100_,པ་_100_
[ལ་_100_],ལ་_100_,ལ་_100_,ལ་_100_,ལ་_100_,ལ་_100_
[སོགས་_100_],སོགས་_100_,སོགས་_100_,སོགས་_100_,སོགས་_100_,སོགས་_100_
[པའི་_100_],པའི་_100_,པའི་_100_,པའི་_100_,པའི་_100_,པའི་_100_
[དོན_100_],དོན_100_,དོན_100_,དོན_100_,དོན_100_,དོན_100_
[། _100_],། _100_,། _100_,། _100_,། _100_,། _100_
[ངོ་_100_],ངོ་_100_,ངོ་_100_,ངོ་_100_,ངོ་_100_,ངོ་_100_
[བོའི་_100_],བོའི་_100_,བོའི་_100_,བོའི་_100_,བོའི་_100_,བོའི་_100_
[གནས་_100_],གནས་_100_,གནས་_100_,གནས་_100_,གནས་_100_,གནས་_100_
[ལུགས་རྒྱུ་_83_],ལུགས་རྒྱུ་_83_,ལུགས་རྒྱུ་_83_,ལུགས་རྒྱུ་_83_,ལུགས་རྒྱུ་_83_,ལུགས་_16_
[འདི་_100_],འདི་_100_,འདི་_100_,འདི་_100_,འདི་_100_,འདི་_100_
[ལས་_100_],ལས་_100_,ལས་_100_,ལས་_100_,ལས་_100_,ལས་_100_
[བྱུང་_83_],བྱུང་_83_,བྱུང་_83_,བྱུང་བ་_16_,བྱུང་_83_,བྱུང་_83_
[དང་_100_],དང་_100_,དང་_100_,དང་_100_,དང་_100_,དང་_100_
[། _100_],། _100_,། _100_,། _100_,། _100_,། _100_
[རྐྱེན་_100_],རྐྱེན་_100_,རྐྱེན་_100_,རྐྱེན་_100_,རྐྱེན་_100_,རྐྱེན་_100_
[འདི་_100_],འདི་_100_,འདི་_100_,འདི་_100_,འདི་_100_,འདི་_100_
[ལས་_100_],ལས་_100_,ལས་_100_,ལས་_100_,ལས་_100_,ལས་_100_
[སྐྱེས་_100_],སྐྱེས་_100_,སྐྱེས་_100_,སྐྱེས་_100_,སྐྱེས་_100_,སྐྱེས་_100_
[མེད་_100_],མེད་_100_,མེད་_100_,མེད་_100_,མེད་_100_,མེད་_100_
[པའི་_100_],པའི་_100_,པའི་_100_,པའི་_100_,པའི་_100_,པའི་_100_
[གཞི་_100_],གཞི་_100_,གཞི་_100_,གཞི་_100_,གཞི་_100_,གཞི་_100_
[དོན་_100_],དོན་_100_,དོན་_100_,དོན་_100_,དོན་_100_,དོན་_100_
[རང་_100_],རང་_100_,རང་_100_,རང་_100_,རང་_100_,རང་_100_
[བྱུང་_100_],བྱུང་_100_,བྱུང་_100_,བྱུང་_100_,བྱུང་_100_,བྱུང་_100_
[དུ་_100_],དུ་_100_,དུ་_100_,དུ་_100_,དུ་_100_,དུ་_100_
[རིག་པའི་ཚེ་_83_],རིག་པའི་ཚེ་_83_,རིག་པའི་ཚེ་_83_,རིག་པའི་ཚེ་_83_,རིག་པའི་ཚེ་_83_,རིག་_16_
[ཕྱི་_100_],ཕྱི་_100_,ཕྱི་_100_,ཕྱི་_100_,ཕྱི་_100_,ཕྱི་_100_
[དོན་_100_],དོན་_100_,དོན་_100_,དོན་_100_,དོན་_100_,དོན་_100_
[དུ་_100_],དུ་_100_,དུ་_100_,དུ་_100_,དུ་_100_,དུ་_100_
[ཡོད་_100_],ཡོད་_100_,ཡོད་_100_,ཡོད་_100_,ཡོད་_100_,ཡོད་_100_
[ཅེས་_100_],ཅེས་_100_,ཅེས་_100_,ཅེས་_100_,ཅེས་_100_,ཅེས་_100_
[སྒྲོ་_100_],སྒྲོ་_100_,སྒྲོ་_100_,སྒྲོ་_100_,སྒྲོ་_100_,སྒྲོ་_100_
[མ་_100_],མ་_100_,མ་_100_,མ་_100_,མ་_100_,མ་_100_
[བཏགས_100_],བཏགས_100_,བཏགས_100_,བཏགས_100_,བཏགས_100_,བཏགས_100_
[། _100_],། _100_,། _100_,། _100_,། _100_,། _100_
[ནང་_100_],ནང་_100_,ནང་_100_,ནང་_100_,ནང་_100_,ནང་_100_
[དོན་_100_],དོན་_100_,དོན་_100_,དོན་_100_,དོན་_100_,དོན་_100_
[དུ་_100_],དུ་_100_,དུ་_100_,དུ་_100_,དུ་_100_,དུ་_100_
[མེད་_100_],མེད་_100_,མེད་_100_,མེད་_100_,མེད་_100_,མེད་_100_
[ཅེས་_100_],ཅེས་_100_,ཅེས་_100_,ཅེས་_100_,ཅེས་_100_,ཅེས་_100_
[སྐུར་_100_],སྐུར་_100_,སྐུར་_100_,སྐུར་_100_,སྐུར་_100_,སྐུར་_100_
[པ་_66_],པ་_66_,པ་_66_,བ་_33_,བ་_33_,པ་_66_
[མ་_100_],མ་_100_,མ་_100_,མ་_100_,མ་_100_,མ་_100_
[བཏབ_100_],བཏབ_100_,བཏབ_100_,བཏབ_100_,བཏབ_100_,བཏབ_100_
[། _100_],། _100_,། _100_,། _100_,། _100_,། _100_
[དྲན་_100_],དྲན་_100_,དྲན་_100_,དྲན་_100_,དྲན་_100_,དྲན་_100_
[མེད་_100_],མེད་_100_,མེད་_100_,མེད་_100_,མེད་_100_,མེད་_100_
[མུན་_100_],མུན་_100_,མུན་_100_,མུན་_100_,མུན་_100_,མུན་_100_
[སྲོས་_100_],སྲོས་_100_,སྲོས་_100_,སྲོས་_100_,སྲོས་_100_,སྲོས་_100_
[པ་_100_],པ་_100_,པ་_100_,པ་_100_,པ་_100_,པ་_100_
[ལྟ་_100_],ལྟ་_100_,ལྟ་_100_,ལྟ་_100_,ལྟ་_100_,ལྟ་_100_
[བུའི་_100_],བུའི་_100_,བུའི་_100_,བུའི་_100_,བུའི་_100_,བུའི་_100_
[སྐྱོན་_100_],སྐྱོན་_100_,སྐྱོན་_100_,སྐྱོན་_100_,སྐྱོན་_100_,སྐྱོན་_100_
[དང་_100_],དང་_100_,དང་_100_,དང་_100_,དང་_100_,དང་_100_
[དྲིས་_100_],དྲིས་_100_,དྲིས་_100_,དྲིས་_100_,དྲིས་_100_,དྲིས་_100_
[མ་_100_],མ་_100_,མ་_100_,མ་_100_,མ་_100_,མ་_100_
[གོས་_100_],གོས་_100_,གོས་_100_,གོས་_100_,གོས་_100_,གོས་_100_
[པ_100_],པ_100_,པ_100_,པ_100_,པ_100_,པ_100_
[། _100_],། _100_,། _100_,། _100_,། _100_,། _100_
[རིག་_100_],རིག་_100_,རིག་_100_,རིག་_100_,རིག་_100_,རིག་_100_
[པ_100_],པ_100_,པ_100_,པ_100_,པ_100_,པ_100_
[། _100_],། _100_,། _100_,། _100_,། _100_,། _100_
[སོམ_66_],སོམ_66_,སོམ_66_,སོ་མ_33_,སོ་མ_33_,སོམ_66_
[། _100_],། _100_,། _100_,། _100_,། _100_,། _100_
[བརྗོད་_100_],བརྗོད་_100_,བརྗོད་_100_,བརྗོད་_100_,བརྗོད་_100_,བརྗོད་_100_
[བྲལ་_100_],བྲལ་_100_,བྲལ་_100_,བྲལ་_100_,བྲལ་_100_,བྲལ་_100_
[ཆེད་_100_],ཆེད་_100_,ཆེད་_100_,ཆེད་_100_,ཆེད་_100_,ཆེད་_100_
[འཛིན་_100_],འཛིན་_100_,འཛིན་_100_,འཛིན་_100_,འཛིན་_100_,འཛིན་_100_
[མེད་_100_],མེད་_100_,མེད་_100_,མེད་_100_,མེད་_100_,མེད་_100_
[པས་_100_],པས་_100_,པས་_100_,པས་_100_,པས་_100_,པས་_100_
[ངང་_100_],ངང་_100_,ངང་_100_,ངང་_100_,ངང་_100_,ངང་_100_
[དུ་_100_],དུ་_100_,དུ་_100_,དུ་_100_,དུ་_100_,དུ་_100_
[གནས་_100_],གནས་_100_,གནས་_100_,གནས་_100_,གནས་_100_,གནས་_100_
[ན_100_],ན_100_,ན_100_,ན_100_,ན_100_,ན_100_
[། _100_],། _100_,། _100_,། _100_,། _100_,། _100_
[སྲིད་_100_],སྲིད་_100_,སྲིད་_100_,སྲིད་_100_,སྲིད་_100_,སྲིད་_100_
[པ་_100_],པ་_100_,པ་_100_,པ་_100_,པ་_100_,པ་_100_
[གསུམ་_100_],གསུམ་_100_,གསུམ་_100_,གསུམ་_100_,གསུམ་_100_,གསུམ་_100_
[པོ་_100_],པོ་_100_,པོ་_100_,པོ་_100_,པོ་_100_,པོ་_100_
[འདི་_100_],འདི་_100_,འདི་_100_,འདི་_100_,འདི་_100_,འདི་_100_
[གཟུང་_100_],གཟུང་_100_,གཟུང་_100_,གཟུང་_100_,གཟུང་_100_,གཟུང་_100_
[འཛིན་_100_],འཛིན་_100_,འཛིན་_100_,འཛིན་_100_,འཛིན་_100_,འཛིན་_100_
[གྱི་_100_],གྱི་_100_,གྱི་_100_,གྱི་_100_,གྱི་_100_,གྱི་_100_
[བློས་_100_],བློས་_100_,བློས་_100_,བློས་_100_,བློས་_100_,བློས་_100_
[བཏགས་པའི་_83_],བཏགས་པའི་_83_,བཏགས་པའི་_83_,བཏང་བའི་_16_,བཏགས་པའི་_83_,བཏགས་པའི་_83_
[ཕྱིར_100_],ཕྱིར_100_,ཕྱིར_100_,ཕྱིར_100_,ཕྱིར_100_,ཕྱིར_100_
[། _100_],། _100_,། _100_,། _100_,། _100_,། _100_
[དེ་_100_],དེ་_100_,དེ་_100_,དེ་_100_,དེ་_100_,དེ་_100_
[ཉིད་_100_],ཉིད་_100_,ཉིད་_100_,ཉིད་_100_,ཉིད་_100_,ཉིད་_100_
[མེ་_100_],མེ་_100_,མེ་_100_,མེ་_100_,མེ་_100_,མེ་_100_
[ཆུ་_100_],ཆུ་_100_,ཆུ་_100_,ཆུ་_100_,ཆུ་_100_,ཆུ་_100_
[རླུང་_100_],རླུང་_100_,རླུང་_100_,རླུང་_100_,རླུང་_100_,རླུང་_100_
[གསུམ་_100_],གསུམ་_100_,གསུམ་_100_,གསུམ་_100_,གསུམ་_100_,གསུམ་_100_
[གྱི་_100_],གྱི་_100_,གྱི་_100_,གྱི་_100_,གྱི་_100_,གྱི་_100_
[བསྐལ་པས་_83_],བསྐལ་པས་_83_,བསྐལ་པས་_83_,སྐལ་བས་_16_,བསྐལ་པས་_83_,བསྐལ་པས་_83_
[ཞིག་_100_],ཞིག་_100_,ཞིག་_100_,ཞིག་_100_,ཞིག་_100_,ཞིག་_100_
[ཀྱང་_100_],ཀྱང་_100_,ཀྱང་_100_,ཀྱང་_100_,ཀྱང་_100_,ཀྱང་_100_
[སྔངས་_83_],སྔངས་_83_,སྔངས་_83_,སྔངས་_83_,སྔངས་_83_,སྤངས་_16_
[པ་_100_],པ་_100_,པ་_100_,པ་_100_,པ་_100_,པ་_100_
[དང་_100_],དང་_100_,དང་_100_,དང་_100_,དང་_100_,དང་_100_
[སྐྲག་_100_],སྐྲག་_100_,སྐྲག་_100_,སྐྲག་_100_,སྐྲག་_100_,སྐྲག་_100_
[པ་_100_],པ་_100_,པ་_100_,པ་_100_,པ་_100_,པ་_100_
[མེད་_100_],མེད་_100_,མེད་_100_,མེད་_100_,མེད་_100_,མེད་_100_
[ཅིང་_100_],ཅིང་_100_,ཅིང་_100_,ཅིང་_100_,ཅིང་_100_,ཅིང་_100_
[། _100_],། _100_,། _100_,། _100_,། _100_,། _100_
[མིག་_100_],མིག་_100_,མིག་_100_,མིག་_100_,མིག་_100_,མིག་_100_
[ལ་_100_],ལ་_100_,ལ་_100_,ལ་_100_,ལ་_100_,ལ་_100_
[སོགས་_100_],སོགས་_100_,སོགས་_100_,སོགས་_100_,སོགས་_100_,སོགས་_100_
[པའི་_100_],པའི་_100_,པའི་_100_,པའི་_100_,པའི་_100_,པའི་_100_
[དབང་_100_],དབང་_100_,དབང་_100_,དབང་_100_,དབང་_100_,དབང་_100_
[ཤེས་_100_],ཤེས་_100_,ཤེས་_100_,ཤེས་_100_,ཤེས་_100_,ཤེས་_100_
[དག་_100_],དག་_100_,དག་_100_,དག་_100_,དག་_100_,དག་_100_
[པས་_100_],པས་_100_,པས་_100_,པས་_100_,པས་_100_,པས་_100_
[འདོད་_100_],འདོད་_100_,འདོད་_100_,འདོད་_100_,འདོད་_100_,འདོད་_100_
[ཡོན་_100_],ཡོན་_100_,ཡོན་_100_,ཡོན་_100_,ཡོན་_100_,ཡོན་_100_
[ལ་_100_],ལ་_100_,ལ་_100_,ལ་_100_,ལ་_100_,ལ་_100_
[ཆགས་_100_],ཆགས་_100_,ཆགས་_100_,ཆགས་_100_,ཆགས་_100_,ཆགས་_100_
[པའང་_100_],པའང་_100_,པའང་_100_,པའང་_100_,པའང་_100_,པའང་_100_
[མེད་_100_],མེད་_100_,མེད་_100_,མེད་_100_,མེད་_100_,མེད་_100_
[དོ_100_],དོ_100_,དོ_100_,དོ_100_,དོ_100_,དོ_100_
[། _100_],། _100_,། _100_,། _100_,། _100_,། _100_
[ཅིའི་_100_],ཅིའི་_100_,ཅིའི་_100_,ཅིའི་_100_,ཅིའི་_100_,ཅིའི་_100_
[ཕྱིར་_100_],ཕྱིར་_100_,ཕྱིར་_100_,ཕྱིར་_100_,ཕྱིར་_100_,ཕྱིར་_100_
[ན_100_],ན_100_,ན_100_,ན_100_,ན_100_,ན_100_
[། _100_],། _100_,། _100_,། _100_,། _100_,། _100_
[འཇིགས་_100_],འཇིགས་_100_,འཇིགས་_100_,འཇིགས་_100_,འཇིགས་_100_,འཇིགས་_100_
[སྐྲག་_100_],སྐྲག་_100_,སྐྲག་_100_,སྐྲག་_100_,སྐྲག་_100_,སྐྲག་_100_
[དང་_100_],དང་_100_,དང་_100_,དང་_100_,དང་_100_,དང་_100_
[ཆགས་_100_],ཆགས་_100_,ཆགས་_100_,ཆགས་_100_,ཆགས་_100_,ཆགས་_100_
[སྡང་_100_],སྡང་_100_,སྡང་_100_,སྡང་_100_,སྡང་_100_,སྡང་_100_
[ལ་_100_],ལ་_100_,ལ་_100_,ལ་_100_,ལ་_100_,ལ་_100_
[སོགས་_100_],སོགས་_100_,སོགས་_100_,སོགས་_100_,སོགས་_100_,སོགས་_100_
[པ་_100_],པ་_100_,པ་_100_,པ་_100_,པ་_100_,པ་_100_
[ནི་_100_],ནི་_100_,ནི་_100_,ནི་_100_,ནི་_100_,ནི་_100_
[གཟུང་_100_],གཟུང་_100_,གཟུང་_100_,གཟུང་_100_,གཟུང་_100_,གཟུང་_100_
[ཡུལ་_100_],ཡུལ་_100_,ཡུལ་_100_,ཡུལ་_100_,ཡུལ་_100_,ཡུལ་_100_
[ལ་_100_],ལ་_100_,ལ་_100_,ལ་_100_,ལ་_100_,ལ་_100_
[འཛིན་_100_],འཛིན་_100_,འཛིན་_100_,འཛིན་_100_,འཛིན་_100_,འཛིན་_100_
[སེམས་_100_],སེམས་_100_,སེམས་_100_,སེམས་_100_,སེམས་_100_,སེམས་_100_
[འདྲེས་_100_],འདྲེས་_100_,འདྲེས་_100_,འདྲེས་_100_,འདྲེས་_100_,འདྲེས་_100_
[པ་_100_],པ་_100_,པ་_100_,པ་_100_,པ་_100_,པ་_100_
[ལས_100_],ལས_100_,ལས_100_,ལས_100_,ལས_100_,ལས_100_
[། _100_],། _100_,། _100_,། _100_,། _100_,། _100_
[སྐྱེ་_100_],སྐྱེ་_100_,སྐྱེ་_100_,སྐྱེ་_100_,སྐྱེ་_100_,སྐྱེ་_100_
[བའི་_100_],བའི་_100_,བའི་_100_,བའི་_100_,བའི་_100_,བའི་_100_
[ཕྱིར་_100_],ཕྱིར་_100_,ཕྱིར་_100_,ཕྱིར་_100_,ཕྱིར་_100_,ཕྱིར་_100_
[ན_100_],ན_100_,ན_100_,ན_100_,ན_100_,ན_100_
[། _100_],། _100_,། _100_,། _100_,། _100_,། _100_
[རྟོག་_100_],རྟོག་_100_,རྟོག་_100_,རྟོག་_100_,རྟོག་_100_,རྟོག་_100_
[མེད་_100_],མེད་_100_,མེད་_100_,མེད་_100_,མེད་_100_,མེད་_100_
[ཤེས་_100_],ཤེས་_100_,ཤེས་_100_,ཤེས་_100_,ཤེས་_100_,ཤེས་_100_
[པ་_100_],པ་_100_,པ་_100_,པ་_100_,པ་_100_,པ་_100_
[རང་_100_],རང་_100_,རང་_100_,རང་_100_,རང་_100_,རང་_100_
[བྱུང་_100_],བྱུང་_100_,བྱུང་_100_,བྱུང་_100_,བྱུང་_100_,བྱུང་_100_
[ལ_100_],ལ_100_,ལ_100_,ལ_100_,ལ_100_,ལ_100_
[༔ _100_],༔ _100_,༔ _100_,༔ _100_,༔ _100_,༔ _100_
[དོས་_50_],དོས་_50_,རྡོས་_50_,རྡོས་_50_,དོས་_50_,རྡོས་_50_
[པའི་_100_],པའི་_100_,པའི་_100_,པའི་_100_,པའི་_100_,པའི་_100_
[གཟུགས་_100_],གཟུགས་_100_,གཟུགས་_100_,གཟུགས་_100_,གཟུགས་_100_,གཟུགས་_100_
[དང་_100_],དང་_100_,དང་_100_,དང་_100_,དང་_100_,དང་_100_
[ཁ་_100_],ཁ་_100_,ཁ་_100_,ཁ་_100_,ཁ་_100_,ཁ་_100_
[དོག་_100_],དོག་_100_,དོག་_100_,དོག་_100_,དོག་_100_,དོག་_100_
[མེད_100_],མེད_100_,མེད_100_,མེད_100_,མེད_100_,མེད_100_
[༔ _100_],༔ _100_,༔ _100_,༔ _100_,༔ _100_,༔ _100_
[ཅེས་_100_],ཅེས་_100_,ཅེས་_100_,ཅེས་_100_,ཅེས་_100_,ཅེས་_100_
[པས་_100_],པས་_100_,པས་_100_,པས་_100_,པས་_100_,པས་_100_
[རྟོག་_100_],རྟོག་_100_,རྟོག་_100_,རྟོག་_100_,རྟོག་_100_,རྟོག་_100_
[མེད་_100_],མེད་_100_,མེད་_100_,མེད་_100_,མེད་_100_,མེད་_100_
[ཀྱི་_100_],ཀྱི་_100_,ཀྱི་_100_,ཀྱི་_100_,ཀྱི་_100_,ཀྱི་_100_
[ཤེས་_100_],ཤེས་_100_,ཤེས་_100_,ཤེས་_100_,ཤེས་_100_,ཤེས་_100_
[པ་_100_],པ་_100_,པ་_100_,པ་_100_,པ་_100_,པ་_100_
[ནི་_100_],ནི་_100_,ནི་_100_,ནི་_100_,ནི་_100_,ནི་_100_
[རང་_100_],རང་_100_,རང་_100_,རང་_100_,རང་_100_,རང་_100_
[གསལ་_100_],གསལ་_100_,གསལ་_100_,གསལ་_100_,གསལ་_100_,གསལ་_100_
[བློ་_100_],བློ་_100_,བློ་_100_,བློ་_100_,བློ་_100_,བློ་_100_
[འདས་_100_],འདས་_100_,འདས་_100_,འདས་_100_,འདས་_100_,འདས་_100_
[ཆེན་_100_],ཆེན་_100_,ཆེན་_100_,ཆེན་_100_,ཆེན་_100_,ཆེན་_100_
[པོ་_100_],པོ་_100_,པོ་_100_,པོ་_100_,པོ་_100_,པོ་_100_
[ཡིན་པས_83_],ཡིན་པས_83_,ཡིན་པས_83_,ཡིན་པས_83_,ཡིན་པས_83_,ཡིན_16_
[། _100_],། _100_,། _100_,། _100_,། _100_,། _100_
[དེ་_100_],དེ་_100_,དེ་_100_,དེ་_100_,དེ་_100_,དེ་_100_
[ལ་_100_],ལ་_100_,ལ་_100_,ལ་_100_,ལ་_100_,ལ་_100_
[ཕུང་_100_],ཕུང་_100_,ཕུང་_100_,ཕུང་_100_,ཕུང་_100_,ཕུང་_100_
[པོ་_100_],པོ་_100_,པོ་_100_,པོ་_100_,པོ་_100_,པོ་_100_
[ལྔ་_100_],ལྔ་_100_,ལྔ་_100_,ལྔ་_100_,ལྔ་_100_,ལྔ་_100_
[དང་_100_],དང་_100_,དང་_100_,དང་_100_,དང་_100_,དང་_100_
[། །​ _100_],། །​ _100_,། །​ _100_,། །​ _100_,། །​ _100_,། །​ _100_
[ཚོགས་_100_],ཚོགས་_100_,ཚོགས་_100_,ཚོགས་_100_,ཚོགས་_100_,ཚོགས་_100_
[བརྒྱད་_100_],བརྒྱད་_100_,བརྒྱད་_100_,བརྒྱད་_100_,བརྒྱད་_100_,བརྒྱད་_100_
[ཀྱི་_100_],ཀྱི་_100_,ཀྱི་_100_,ཀྱི་_100_,ཀྱི་_100_,ཀྱི་_100_
[ཉེར་_100_],ཉེར་_100_,ཉེར་_100_,ཉེར་_100_,ཉེར་_100_,ཉེར་_100_
[ལེན་_100_],ལེན་_100_,ལེན་_100_,ལེན་_100_,ལེན་_100_,ལེན་_100_
[མེད་_100_],མེད་_100_,མེད་_100_,མེད་_100_,མེད་_100_,མེད་_100_
[པའི་_100_],པའི་_100_,པའི་_100_,པའི་_100_,པའི་_100_,པའི་_100_
[ཕྱིར་_100_],ཕྱིར་_100_,ཕྱིར་_100_,ཕྱིར་_100_,ཕྱིར་_100_,ཕྱིར་_100_
[རོ_100_],རོ_100_,རོ_100_,རོ_100_,རོ_100_,རོ_100_
[། །​_100_],། །​_100_,། །​_100_,། །​_100_,། །​_100_,། །​_100_
[དེ་_100_],དེ་_100_,དེ་_100_,དེ་_100_,དེ་_100_,དེ་_100_
[ལྟ་_100_],ལྟ་_100_,ལྟ་_100_,ལྟ་_100_,ལྟ་_100_,ལྟ་_100_
[ནའང་_100_],ནའང་_100_,ནའང་_100_,ནའང་_100_,ནའང་_100_,ནའང་_100_
[རིག་_100_],རིག་_100_,རིག་_100_,རིག་_100_,རིག་_100_,རིག་_100_
[པ་_100_],པ་_100_,པ་_100_,པ་_100_,པ་_100_,པ་_100_
[དེ་_100_],དེ་_100_,དེ་_100_,དེ་_100_,དེ་_100_,དེ་_100_
[སྟོང་_100_],སྟོང་_100_,སྟོང་_100_,སྟོང་_100_,སྟོང་_100_,སྟོང་_100_
[པ་_100_],པ་_100_,པ་_100_,པ་_100_,པ་_100_,པ་_100_
[ཕྱང་_100_],ཕྱང་_100_,ཕྱང་_100_,ཕྱང་_100_,ཕྱང་_100_,ཕྱང་_100_
[ཆད་_100_],ཆད་_100_,ཆད་_100_,ཆད་_100_,ཆད་_100_,ཆད་_100_
[མ་_100_],མ་_100_,མ་_100_,མ་_100_,མ་_100_,མ་_100_
[ཡིན་_100_],ཡིན་_100_,ཡིན་_100_,ཡིན་_100_,ཡིན་_100_,ཡིན་_100_
[པར་_100_],པར་_100_,པར་_100_,པར་_100_,པར་_100_,པར་_100_
[སྟོང་_100_],སྟོང་_100_,སྟོང་_100_,སྟོང་_100_,སྟོང་_100_,སྟོང་_100_
[བཞིན་_100_],བཞིན་_100_,བཞིན་_100_,བཞིན་_100_,བཞིན་_100_,བཞིན་_100_
[དུ་_100_],དུ་_100_,དུ་_100_,དུ་_100_,དུ་_100_,དུ་_100_
[གསལ་_100_],གསལ་_100_,གསལ་_100_,གསལ་_100_,གསལ་_100_,གསལ་_100_
[ཆ་_100_],ཆ་_100_,ཆ་_100_,ཆ་_100_,ཆ་_100_,ཆ་_100_
[མ་_100_],མ་_100_,མ་_100_,མ་_100_,མ་_100_,མ་_100_
[འགགས་_100_],འགགས་_100_,འགགས་_100_,འགགས་_100_,འགགས་_100_,འགགས་_100_
[པ་_100_],པ་_100_,པ་_100_,པ་_100_,པ་_100_,པ་_100_
[དེ་_100_],དེ་_100_,དེ་_100_,དེ་_100_,དེ་_100_,དེ་_100_
[རྣམ་_100_],རྣམ་_100_,རྣམ་_100_,རྣམ་_100_,རྣམ་_100_,རྣམ་_100_
[བྱང་_100_],བྱང་_100_,བྱང་_100_,བྱང་_100_,བྱང་_100_,བྱང་_100_
[སྐྱེ་_100_],སྐྱེ་_100_,སྐྱེ་_100_,སྐྱེ་_100_,སྐྱེ་_100_,སྐྱེ་_100_
[བའི་_83_],བའི་_83_,བའི་_83_,བའི་_83_,བའི་_83_,པའི་_16_
[རྒྱུ་_100_],རྒྱུ་_100_,རྒྱུ་_100_,རྒྱུ་_100_,རྒྱུ་_100_,རྒྱུ་_100_
[ཡིན་_100_],ཡིན་_100_,ཡིན་_100_,ཡིན་_100_,ཡིན་_100_,ཡིན་_100_
[པས་_100_],པས་_100_,པས་_100_,པས་_100_,པས་_100_,པས་_100_
[ན_100_],ན_100_,ན_100_,ན_100_,ན_100_,ན_100_
[། _100_],། _100_,། _100_,། _100_,། _100_,། _100_
[རིག་_100_],རིག་_100_,རིག་_100_,རིག་_100_,རིག་_100_,རིག་_100_
[པའི་_100_],པའི་_100_,པའི་_100_,པའི་_100_,པའི་_100_,པའི་_100_
[གསལ་_100_],གསལ་_100_,གསལ་_100_,གསལ་_100_,གསལ་_100_,གསལ་_100_
[ཆ་_100_],ཆ་_100_,ཆ་_100_,ཆ་_100_,ཆ་_100_,ཆ་_100_
[མ་_100_],མ་_100_,མ་_100_,མ་_100_,མ་_100_,མ་_100_
[འགགས་_100_],འགགས་_100_,འགགས་_100_,འགགས་_100_,འགགས་_100_,འགགས་_100_
[པ_100_],པ_100_,པ_100_,པ_100_,པ_100_,པ_100_
[༔ _100_],༔ _100_,༔ _100_,༔ _100_,༔ _100_,༔ _100_
[སོགས་_100_],སོགས་_100_,སོགས་_100_,སོགས་_100_,སོགས་_100_,སོགས་_100_
[པས་_100_],པས་_100_,པས་_100_,པས་_100_,པས་_100_,པས་_100_
[བརྟེན་_100_],བརྟེན་_100_,བརྟེན་_100_,བརྟེན་_100_,བརྟེན་_100_,བརྟེན་_100_
[པ་_100_],པ་_100_,པ་_100_,པ་_100_,པ་_100_,པ་_100_
[ཡེ་_100_],ཡེ་_100_,ཡེ་_100_,ཡེ་_100_,ཡེ་_100_,ཡེ་_100_
[ཤེས་_100_],ཤེས་_100_,ཤེས་_100_,ཤེས་_100_,ཤེས་_100_,ཤེས་_100_
[ལྔ་_100_],ལྔ་_100_,ལྔ་_100_,ལྔ་_100_,ལྔ་_100_,ལྔ་_100_
[དང་_100_],དང་_100_,དང་_100_,དང་_100_,དང་_100_,དང་_100_
[། _100_],། _100_,། _100_,། _100_,། _100_,། _100_
[རྟེན་_100_],རྟེན་_100_,རྟེན་_100_,རྟེན་_100_,རྟེན་_100_,རྟེན་_100_
[གདན་_100_],གདན་_100_,གདན་_100_,གདན་_100_,གདན་_100_,གདན་_100_
[གསུམ་_100_],གསུམ་_100_,གསུམ་_100_,གསུམ་_100_,གསུམ་_100_,གསུམ་_100_
ཆང་_33_,ཆང་_33_,[ཚང་_66_],ཚང་_66_,ཚང་_66_,ཚང་_66_
[བའི་_100_],བའི་_100_,བའི་_100_,བའི་_100_,བའི་_100_,བའི་_100_
[ངོ་_100_],ངོ་_100_,ངོ་_100_,ངོ་_100_,ངོ་_100_,ངོ་_100_
[བོ་_100_],བོ་_100_,བོ་_100_,བོ་_100_,བོ་_100_,བོ་_100_
[དམ་_100_],དམ་_100_,དམ་_100_,དམ་_100_,དམ་_100_,དམ་_100_
[པ་_100_],པ་_100_,པ་_100_,པ་_100_,པ་_100_,པ་_100_
[རིགས་_100_],རིགས་_100_,རིགས་_100_,རིགས་_100_,རིགས་_100_,རིགས་_100_
[བརྒྱར་_100_],བརྒྱར་_100_,བརྒྱར་_100_,བརྒྱར་_100_,བརྒྱར་_100_,བརྒྱར་_100_
[སྨིན་_100_],སྨིན་_100_,སྨིན་_100_,སྨིན་_100_,སྨིན་_100_,སྨིན་_100_
[པའི་_100_],པའི་_100_,པའི་_100_,པའི་_100_,པའི་_100_,པའི་_100_
[ཕྱིར_100_],ཕྱིར_100_,ཕྱིར_100_,ཕྱིར_100_,ཕྱིར_100_,ཕྱིར_100_
[། _100_],། _100_,། _100_,། _100_,། _100_,། _100_
[དེ་_100_],དེ་_100_,དེ་_100_,དེ་_100_,དེ་_100_,དེ་_100_
[ཕྱིར་_100_],ཕྱིར་_100_,ཕྱིར་_100_,ཕྱིར་_100_,ཕྱིར་_100_,ཕྱིར་_100_
[གཞི་_100_],གཞི་_100_,གཞི་_100_,གཞི་_100_,གཞི་_100_,གཞི་_100_
[རིག་_100_],རིག་_100_,རིག་_100_,རིག་_100_,རིག་_100_,རིག་_100_
[འཁྲུལ་_100_],འཁྲུལ་_100_,འཁྲུལ་_100_,འཁྲུལ་_100_,འཁྲུལ་_100_,འཁྲུལ་_100_
[མ་_100_],མ་_100_,མ་_100_,མ་_100_,མ་_100_,མ་_100_
[མྱོང་_100_],མྱོང་_100_,མྱོང་_100_,མྱོང་_100_,མྱོང་_100_,མྱོང་_100_
[༔_100_],༔_100_,༔_100_,༔_100_,༔_100_,༔_100_
[ཞེས་_100_],ཞེས་_100_,ཞེས་_100_,ཞེས་_100_,ཞེས་_100_,ཞེས་_100_
[སོ_100_],སོ_100_,སོ_100_,སོ_100_,སོ_100_,སོ_100_
[། །​_100_],། །​_100_,། །​_100_,། །​_100_,། །​_100_,། །​_100_
[དེ་_100_],དེ་_100_,དེ་_100_,དེ་_100_,དེ་_100_,དེ་_100_
[ལྟར་_100_],ལྟར་_100_,ལྟར་_100_,ལྟར་_100_,ལྟར་_100_,ལྟར་_100_
[འཁྲུལ་_100_],འཁྲུལ་_100_,འཁྲུལ་_100_,འཁྲུལ་_100_,འཁྲུལ་_100_,འཁྲུལ་_100_
[མ་_100_],མ་_100_,མ་_100_,མ་_100_,མ་_100_,མ་_100_
[མྱོང་_100_],མྱོང་_100_,མྱོང་_100_,མྱོང་_100_,མྱོང་_100_,མྱོང་_100_
[བས་_100_],བས་_100_,བས་_100_,བས་_100_,བས་_100_,བས་_100_
[ཐོག་_100_],ཐོག་_100_,ཐོག་_100_,ཐོག་_100_,ཐོག་_100_,ཐོག་_100_
[མའི་_100_],མའི་_100_,མའི་_100_,མའི་_100_,མའི་_100_,མའི་_100_
[སངས་_100_],སངས་_100_,སངས་_100_,སངས་_100_,སངས་_100_,སངས་_100_
[རྒྱས་_100_],རྒྱས་_100_,རྒྱས་_100_,རྒྱས་_100_,རྒྱས་_100_,རྒྱས་_100_
[སམ_100_],སམ_100_,སམ_100_,སམ_100_,སམ_100_,སམ_100_
[། _100_],། _100_,། _100_,། _100_,། _100_,། _100_
[མི་_100_],མི་_100_,མི་_100_,མི་_100_,མི་_100_,མི་_100_
[འགྱུར་_100_],འགྱུར་_100_,འགྱུར་_100_,འགྱུར་_100_,འགྱུར་_100_,འགྱུར་_100_
[རྡོ་_100_],རྡོ་_100_,རྡོ་_100_,རྡོ་_100_,རྡོ་_100_,རྡོ་_100_
[རྗེའི་_100_],རྗེའི་_100_,རྗེའི་_100_,རྗེའི་_100_,རྗེའི་_100_,རྗེའི་_100_
[སྐུ་_100_],སྐུ་_100_,སྐུ་_100_,སྐུ་_100_,སྐུ་_100_,སྐུ་_100_
[ཞེས་_100_],ཞེས་_100_,ཞེས་_100_,ཞེས་_100_,ཞེས་_100_,ཞེས་_100_
[བྱ་_100_],བྱ་_100_,བྱ་_100_,བྱ་_100_,བྱ་_100_,བྱ་_100_
[སྟེ_100_],སྟེ_100_,སྟེ_100_,སྟེ_100_,སྟེ_100_,སྟེ_100_
[། _100_],། _100_,། _100_,། _100_,། _100_,། _100_
[དེས་_100_],དེས་_100_,དེས་_100_,དེས་_100_,དེས་_100_,དེས་_100_
[བཏབ་_100_],བཏབ་_100_,བཏབ་_100_,བཏབ་_100_,བཏབ་_100_,བཏབ་_100_
[པའི་_100_],པའི་_100_,པའི་_100_,པའི་_100_,པའི་_100_,པའི་_100_
[སྨོན་_100_],སྨོན་_100_,སྨོན་_100_,སྨོན་_100_,སྨོན་_100_,སྨོན་_100_
[ལམ་_100_],ལམ་_100_,ལམ་_100_,ལམ་_100_,ལམ་_100_,ལམ་_100_
[རྐང་_100_],རྐང་_100_,རྐང་_100_,རྐང་_100_,རྐང་_100_,རྐང་_100_
[པ་_66_],པ་_66_,པ་_66_,བ་_33_,བ་_33_,པ་_66_
[བཅུ་_100_],བཅུ་_100_,བཅུ་_100_,བཅུ་_100_,བཅུ་_100_,བཅུ་_100_
[གཅིག་_100_],གཅིག་_100_,གཅིག་_100_,གཅིག་_100_,གཅིག་_100_,གཅིག་_100_
[གོ་_100_],གོ་_100_,གོ་_100_,གོ་_100_,གོ་_100_,གོ་_100_
[སླའོ_100_],སླའོ_100_,སླའོ_100_,སླའོ_100_,སླའོ_100_,སླའོ_100_
[། །​ _100_],། །​ _100_,། །​ _100_,། །​ _100_,། །​ _100_,། །​ _100_
[དང་_100_],དང་_100_,དང་_100_,དང་_100_,དང་_100_,དང་_100_
[པོ་_100_],པོ་_100_,པོ་_100_,པོ་_100_,པོ་_100_,པོ་_100_
[སེམས་_100_],སེམས་_100_,སེམས་_100_,སེམས་_100_,སེམས་_100_,སེམས་_100_
[ཅན་_100_],ཅན་_100_,ཅན་_100_,ཅན་_100_,ཅན་_100_,ཅན་_100_
[འཁྲུལ་_100_],འཁྲུལ་_100_,འཁྲུལ་_100_,འཁྲུལ་_100_,འཁྲུལ་_100_,འཁྲུལ་_100_
[པའི་_100_],པའི་_100_,པའི་_100_,པའི་_100_,པའི་_100_,པའི་_100_
[རྒྱུ_100_],རྒྱུ_100_,རྒྱུ_100_,རྒྱུ_100_,རྒྱུ_100_,རྒྱུ_100_
[༔ _100_],༔ _100_,༔ _100_,༔ _100_,༔ _100_,༔ _100_
[གཞི་_100_],གཞི་_100_,གཞི་_100_,གཞི་_100_,གཞི་_100_,གཞི་_100_
[ལ་_100_],ལ་_100_,ལ་_100_,ལ་_100_,ལ་_100_,ལ་_100_
[སོགས་_100_],སོགས་_100_,སོགས་_100_,སོགས་_100_,སོགས་_100_,སོགས་_100_
[པའི་_100_],པའི་_100_,པའི་_100_,པའི་_100_,པའི་_100_,པའི་_100_
[དོན་_100_],དོན་_100_,དོན་_100_,དོན་_100_,དོན་_100_,དོན་_100_
[ནི་_100_],ནི་_100_,ནི་_100_,ནི་_100_,ནི་_100_,ནི་_100_
[སྤྱིར་_100_],སྤྱིར་_100_,སྤྱིར་_100_,སྤྱིར་_100_,སྤྱིར་_100_,སྤྱིར་_100_
[གཞི་_100_],གཞི་_100_,གཞི་_100_,གཞི་_100_,གཞི་_100_,གཞི་_100_
[ཞེས་_100_],ཞེས་_100_,ཞེས་_100_,ཞེས་_100_,ཞེས་_100_,ཞེས་_100_
[བྱ་_100_],བྱ་_100_,བྱ་_100_,བྱ་_100_,བྱ་_100_,བྱ་_100_
[བ་_100_],བ་_100_,བ་_100_,བ་_100_,བ་_100_,བ་_100_
[དོན་_100_],དོན་_100_,དོན་_100_,དོན་_100_,དོན་_100_,དོན་_100_
[ལྔ་_100_],ལྔ་_100_,ལྔ་_100_,ལྔ་_100_,ལྔ་_100_,ལྔ་_100_
[ལ་_100_],ལ་_100_,ལ་_100_,ལ་_100_,ལ་_100_,ལ་_100_
[འཇུག་_100_],འཇུག་_100_,འཇུག་_100_,འཇུག་_100_,འཇུག་_100_,འཇུག་_100_
[ཀྱང་_100_],ཀྱང་_100_,ཀྱང་_100_,ཀྱང་_100_,ཀྱང་_100_,ཀྱང་_100_
[། _100_],། _100_,། _100_,། _100_,། _100_,། _100_
[འདིར་_100_],འདིར་_100_,འདིར་_100_,འདིར་_100_,འདིར་_100_,འདིར་_100_
[སྲིད་_100_],སྲིད་_100_,སྲིད་_100_,སྲིད་_100_,སྲིད་_100_,སྲིད་_100_
[པ་_100_],པ་_100_,པ་_100_,པ་_100_,པ་_100_,པ་_100_
[ཀུན་_100_],ཀུན་_100_,ཀུན་_100_,ཀུན་_100_,ཀུན་_100_,ཀུན་_100_
[ཏུ་_100_],ཏུ་_100_,ཏུ་_100_,ཏུ་_100_,ཏུ་_100_,ཏུ་_100_
[སྦྱོར་_100_],སྦྱོར་_100_,སྦྱོར་_100_,སྦྱོར་_100_,སྦྱོར་_100_,སྦྱོར་_100_
[བ་_100_],བ་_100_,བ་_100_,བ་_100_,བ་_100_,བ་_100_
[གཉིད་_100_],གཉིད་_100_,གཉིད་_100_,གཉིད་_100_,གཉིད་_100_,གཉིད་_100_
[འཐུག་པོའམ_83_],འཐུག་པོའམ_83_,འཐུག་པོའམ_83_,འཐུམ་པའམ_16_,འཐུག་པོའམ_83_,འཐུག་པོའམ_83_
[། _100_],། _100_,། _100_,། _100_,། _100_,། _100_
[སེམས་_100_],སེམས་_100_,སེམས་_100_,སེམས་_100_,སེམས་_100_,སེམས་_100_
[དྲན་_100_],དྲན་_100_,དྲན་_100_,དྲན་_100_,དྲན་_100_,དྲན་_100_
[མེད་_100_],མེད་_100_,མེད་_100_,མེད་_100_,མེད་_100_,མེད་_100_
[ལུང་_100_],ལུང་_100_,ལུང་_100_,ལུང་_100_,ལུང་_100_,ལུང་_100_
[མ་_100_],མ་_100_,མ་_100_,མ་_100_,མ་_100_,མ་_100_
[བསྟན་_100_],བསྟན་_100_,བསྟན་_100_,བསྟན་_100_,བསྟན་_100_,བསྟན་_100_
[དེ་_100_],དེ་_100_,དེ་_100_,དེ་_100_,དེ་_100_,དེ་_100_
[ལ་_100_],ལ་_100_,ལ་_100_,ལ་_100_,ལ་_100_,ལ་_100_
[རིག་_100_],རིག་_100_,རིག་_100_,རིག་_100_,རིག་_100_,རིག་_100_
[པའི་_100_],པའི་_100_,པའི་_100_,པའི་_100_,པའི་_100_,པའི་_100_
[མདངས་_100_],མདངས་_100_,མདངས་_100_,མདངས་_100_,མདངས་_100_,མདངས་_100_
[སམ_100_],སམ_100_,སམ_100_,སམ_100_,སམ_100_,སམ_100_
[། _100_],། _100_,། _100_,། _100_,། _100_,། _100_
[གསལ་_100_],གསལ་_100_,གསལ་_100_,གསལ་_100_,གསལ་_100_,གསལ་_100_
[ཆ་མ་_83_],ཆ་མ་_83_,ཆ་མ་_83_,ཆ་_16_,ཆ་མ་_83_,ཆ་མ་_83_
[ཤར་_100_],ཤར་_100_,ཤར་_100_,ཤར་_100_,ཤར་_100_,ཤར་_100_
[བས་_100_],བས་_100_,བས་_100_,བས་_100_,བས་_100_,བས་_100_
[ཅི་_83_],ཅི་_83_,ཅི་_83_,ནི་_16_,ཅི་_83_,ཅི་_83_
[ཡང་_100_],ཡང་_100_,ཡང་_100_,ཡང་_100_,ཡང་_100_,ཡང་_100_
[མི་_100_],མི་_100_,མི་_100_,མི་_100_,མི་_100_,མི་_100_
[སེམས་_100_],སེམས་_100_,སེམས་_100_,སེམས་_100_,སེམས་_100_,སེམས་_100_
[པ་_100_],པ་_100_,པ་_100_,པ་_100_,པ་_100_,པ་_100_
[སྒོ་_100_],སྒོ་_100_,སྒོ་_100_,སྒོ་_100_,སྒོ་_100_,སྒོ་_100_
[ངའི་_100_],ངའི་_100_,ངའི་_100_,ངའི་_100_,ངའི་_100_,ངའི་_100_
[རྣམ་_100_],རྣམ་_100_,རྣམ་_100_,རྣམ་_100_,རྣམ་_100_,རྣམ་_100_
[ཤེས་_100_],ཤེས་_100_,ཤེས་_100_,ཤེས་_100_,ཤེས་_100_,ཤེས་_100_
[ལྟ་_100_],ལྟ་_100_,ལྟ་_100_,ལྟ་_100_,ལྟ་_100_,ལྟ་_100_
[བུ_100_],བུ_100_,བུ_100_,བུ_100_,བུ_100_,བུ_100_
[། _100_],། _100_,། _100_,། _100_,། _100_,། _100_
[དྲན་_100_],དྲན་_100_,དྲན་_100_,དྲན་_100_,དྲན་_100_,དྲན་_100_
[པ་_100_],པ་_100_,པ་_100_,པ་_100_,པ་_100_,པ་_100_
[མེད་_100_],མེད་_100_,མེད་_100_,མེད་_100_,མེད་_100_,མེད་_100_
[ཅིང་_100_],ཅིང་_100_,ཅིང་_100_,ཅིང་_100_,ཅིང་_100_,ཅིང་_100_
[ཐོམ་_100_],ཐོམ་_100_,ཐོམ་_100_,ཐོམ་_100_,ཐོམ་_100_,ཐོམ་_100_
[ཡོ་_100_],ཡོ་_100_,ཡོ་_100_,ཡོ་_100_,ཡོ་_100_,ཡོ་_100_
[རེ་_100_],རེ་_100_,རེ་_100_,རེ་_100_,རེ་_100_,རེ་_100_
[བ་_100_],བ་_100_,བ་_100_,བ་_100_,བ་_100_,བ་_100_
[བརྒྱལ་_100_],བརྒྱལ་_100_,བརྒྱལ་_100_,བརྒྱལ་_100_,བརྒྱལ་_100_,བརྒྱལ་_100_
[བ་_100_],བ་_100_,བ་_100_,བ་_100_,བ་_100_,བ་_100_
[ལྟ་_100_],ལྟ་_100_,ལྟ་_100_,ལྟ་_100_,ལྟ་_100_,ལྟ་_100_
[བུ་_100_],བུ་_100_,བུ་_100_,བུ་_100_,བུ་_100_,བུ་_100_
[དེ་_100_],དེ་_100_,དེ་_100_,དེ་_100_,དེ་_100_,དེ་_100_
[མ་_100_],མ་_100_,མ་_100_,མ་_100_,མ་_100_,མ་_100_
[རིག་_100_],རིག་_100_,རིག་_100_,རིག་_100_,རིག་_100_,རིག་_100_
[པའི་_100_],པའི་_100_,པའི་_100_,པའི་_100_,པའི་_100_,པའི་_100_
[རྩ་_100_],རྩ་_100_,རྩ་_100_,རྩ་_100_,རྩ་_100_,རྩ་_100_
[བ་_100_],བ་_100_,བ་_100_,བ་_100_,བ་_100_,བ་_100_
[ཡིན་_100_],ཡིན་_100_,ཡིན་_100_,ཡིན་_100_,ཡིན་_100_,ཡིན་_100_
[པས་_100_],པས་_100_,པས་_100_,པས་_100_,པས་_100_,པས་_100_
[དེའི་_100_],དེའི་_100_,དེའི་_100_,དེའི་_100_,དེའི་_100_,དེའི་_100_
[ངང་_100_],ངང་_100_,ངང་_100_,ངང་_100_,ངང་_100_,ངང་_100_
[ནས་_100_],ནས་_100_,ནས་_100_,ནས་_100_,ནས་_100_,ནས་_100_
[ཡིད་_100_],ཡིད་_100_,ཡིད་_100_,ཡིད་_100_,ཡིད་_100_,ཡིད་_100_
[ཤེས་_100_],ཤེས་_100_,ཤེས་_100_,ཤེས་_100_,ཤེས་_100_,ཤེས་_100_
[ལངས་_100_],ལངས་_100_,ལངས་_100_,ལངས་_100_,ལངས་_100_,ལངས་_100_
[ཏེ_100_],ཏེ_100_,ཏེ_100_,ཏེ_100_,ཏེ_100_,ཏེ_100_
[། _100_],། _100_,། _100_,། _100_,། _100_,། _100_
[རྟེན་_100_],རྟེན་_100_,རྟེན་_100_,རྟེན་_100_,རྟེན་_100_,རྟེན་_100_
[འབྲེལ་_100_],འབྲེལ་_100_,འབྲེལ་_100_,འབྲེལ་_100_,འབྲེལ་_100_,འབྲེལ་_100_
[བཅུ་_100_],བཅུ་_100_,བཅུ་_100_,བཅུ་_100_,བཅུ་_100_,བཅུ་_100_
[གཉིས་_100_],གཉིས་_100_,གཉིས་_100_,གཉིས་_100_,གཉིས་_100_,གཉིས་_100_
[ཀྱི་_100_],ཀྱི་_100_,ཀྱི་_100_,ཀྱི་_100_,ཀྱི་_100_,ཀྱི་_100_
[རྒྱུནལ་_50_],རྒྱུནལ་_50_,རྒྱུན་ལ་_50_,རྒྱུན་ལ་_50_,རྒྱུན་ལ་_50_,རྒྱུནལ་_50_
[འཁོར་_100_],འཁོར་_100_,འཁོར་_100_,འཁོར་_100_,འཁོར་_100_,འཁོར་_100_
[བའི་_100_],བའི་_100_,བའི་_100_,བའི་_100_,བའི་_100_,བའི་_100_
[ཚུལ་_100_],ཚུལ་_100_,ཚུལ་_100_,ཚུལ་_100_,ཚུལ་_100_,ཚུལ་_100_
[དེ་_100_],དེ་_100_,དེ་_100_,དེ་_100_,དེ་_100_,དེ་_100_
[གོ་_100_],གོ་_100_,གོ་_100_,གོ་_100_,གོ་_100_,གོ་_100_
[བདེ་_100_],བདེ་_100_,བདེ་_100_,བདེ་_100_,བདེ་_100_,བདེ་_100_
[བར་_100_],བར་_100_,བར་_100_,བར་_100_,བར་_100_,བར་_100_
[བརྗོད་_100_],བརྗོད་_100_,བརྗོད་_100_,བརྗོད་_100_,བརྗོད་_100_,བརྗོད་_100_
[ན_100_],ན_100_,ན_100_,ན_100_,ན_100_,ན_100_
[། _100_],། _100_,། _100_,། _100_,། _100_,། _100_
[ང་_100_],ང་_100_,ང་_100_,ང་_100_,ང་_100_,ང་_100_
[དང་_100_],དང་_100_,དང་_100_,དང་_100_,དང་_100_,དང་_100_
[ང་_100_],ང་_100_,ང་_100_,ང་_100_,ང་_100_,ང་_100_
[ཡིར་_100_],ཡིར་_100_,ཡིར་_100_,ཡིར་_100_,ཡིར་_100_,ཡིར་_100_
[འཛིན་_100_],འཛིན་_100_,འཛིན་_100_,འཛིན་_100_,འཛིན་_100_,འཛིན་_100_
[པའིཤེས་_100_],པའིཤེས་_100_,པའིཤེས་_100_,པའིཤེས་_100_,པའིཤེས་_100_,པའིཤེས་_100_
[པའི་_100_],པའི་_100_,པའི་_100_,པའི་_100_,པའི་_100_,པའི་_100_
[བདག་_100_],བདག་_100_,བདག་_100_,བདག་_100_,བདག་_100_,བདག་_100_
[དང་_100_],དང་_100_,དང་_100_,དང་_100_,དང་_100_,དང་_100_
[། །​ _100_],། །​ _100_,། །​ _100_,། །​ _100_,། །​ _100_,། །​ _100_
[གཞན་_100_],གཞན་_100_,གཞན་_100_,གཞན་_100_,གཞན་_100_,གཞན་_100_
[དུ་_100_],དུ་_100_,དུ་_100_,དུ་_100_,དུ་_100_,དུ་_100_
[གཟུང་_100_],གཟུང་_100_,གཟུང་_100_,གཟུང་_100_,གཟུང་_100_,གཟུང་_100_
[ཡུལ་_100_],ཡུལ་_100_,ཡུལ་_100_,ཡུལ་_100_,ཡུལ་_100_,ཡུལ་_100_
[འཇིག་_100_],འཇིག་_100_,འཇིག་_100_,འཇིག་_100_,འཇིག་_100_,འཇིག་_100_
[པ་_100_],པ་_100_,པ་_100_,པ་_100_,པ་_100_,པ་_100_
[ལ་_100_],ལ་_100_,ལ་_100_,ལ་_100_,ལ་_100_,ལ་_100_
[སྔངས་_100_],སྔངས་_100_,སྔངས་_100_,སྔངས་_100_,སྔངས་_100_,སྔངས་_100_
[སྐྲག་_100_],སྐྲག་_100_,སྐྲག་_100_,སྐྲག་_100_,སྐྲག་_100_,སྐྲག་_100_
[དང་_100_],དང་_100_,དང་_100_,དང་_100_,དང་_100_,དང་_100_
[། _100_],། _100_,། _100_,། _100_,། _100_,། _100_
[བཏང་_100_],བཏང་_100_,བཏང་_100_,བཏང་_100_,བཏང་_100_,བཏང་_100_
[སྙོམས་_100_],སྙོམས་_100_,སྙོམས་_100_,སྙོམས་_100_,སྙོམས་_100_,སྙོམས་_100_
[ལ་_100_],ལ་_100_,ལ་_100_,ལ་_100_,ལ་_100_,ལ་_100_
[ཟ་_100_],ཟ་_100_,ཟ་_100_,ཟ་_100_,ཟ་_100_,ཟ་_100_
[ཟི་_100_],ཟི་_100_,ཟི་_100_,ཟི་_100_,ཟི་_100_,ཟི་_100_
[ཅི་_83_],ཅི་_83_,ཅི་_83_,ཅི་_83_,ཅི་_83_,ཅིར་_16_
[ཡང་_100_],ཡང་_100_,ཡང་_100_,ཡང་_100_,ཡང་_100_,ཡང་_100_
[ཤར་_100_],ཤར་_100_,ཤར་_100_,ཤར་_100_,ཤར་_100_,ཤར་_100_
[བས_100_],བས_100_,བས_100_,བས_100_,བས_100_,བས_100_
[། _100_],། _100_,། _100_,། _100_,། _100_,། _100_
[དགྲ་_100_],དགྲ་_100_,དགྲ་_100_,དགྲ་_100_,དགྲ་_100_,དགྲ་_100_
[གཉེན་_100_],གཉེན་_100_,གཉེན་_100_,གཉེན་_100_,གཉེན་_100_,གཉེན་_100_
[དང་_100_],དང་_100_,དང་_100_,དང་_100_,དང་_100_,དང་_100_
[།_50_],།_50_,། _50_,། _50_,། _50_,།_50_
[ཆགས་_100_],ཆགས་_100_,ཆགས་_100_,ཆགས་_100_,ཆགས་_100_,ཆགས་_100_
[སྡང་_100_],སྡང་_100_,སྡང་_100_,སྡང་_100_,སྡང་_100_,སྡང་_100_
[དང་_100_],དང་_100_,དང་_100_,དང་_100_,དང་_100_,དང་_100_
[། _100_],། _100_,། _100_,། _100_,། _100_,། _100_
[ཕྱོགས་_100_],ཕྱོགས་_100_,ཕྱོགས་_100_,ཕྱོགས་_100_,ཕྱོགས་_100_,ཕྱོགས་_100_
[རིས་_100_],རིས་_100_,རིས་_100_,རིས་_100_,རིས་_100_,རིས་_100_
[ཀྱི་_100_],ཀྱི་_100_,ཀྱི་_100_,ཀྱི་_100_,ཀྱི་_100_,ཀྱི་_100_
[བག་_100_],བག་_100_,བག་_100_,བག་_100_,བག་_100_,བག་_100_
ཆགས་པ་ལྟས་_33_,ཆགས་པ་ལྟས་_33_,[ཆགས་བལྟས་_66_],ཆགས་བལྟས་_66_,ཆགས་བལྟས་_66_,ཆགས་བལྟས་_66_
[པས་_100_],པས་_100_,པས་_100_,པས་_100_,པས་_100_,པས་_100_
[འཁོར་_100_],འཁོར་_100_,འཁོར་_100_,འཁོར་_100_,འཁོར་_100_,འཁོར་_100_
[བ་_100_],བ་_100_,བ་_100_,བ་_100_,བ་_100_,བ་_100_
[ལུགས་_100_],ལུགས་_100_,ལུགས་_100_,ལུགས་_100_,ལུགས་_100_,ལུགས་_100_
[སུ་_100_],སུ་_100_,སུ་_100_,སུ་_100_,སུ་_100_,སུ་_100_
[འཇུག་_100_],འཇུག་_100_,འཇུག་_100_,འཇུག་_100_,འཇུག་_100_,འཇུག་_100_
[པ་_100_],པ་_100_,པ་_100_,པ་_100_,པ་_100_,པ་_100_
[བྱུང་_83_],བྱུང་_83_,བྱུང་_83_,འབྱུང་བ་_16_,བྱུང་_83_,བྱུང་_83_
[སྟེ_100_],སྟེ_100_,སྟེ_100_,སྟེ_100_,སྟེ_100_,སྟེ_100_
[།  _100_],།  _100_,།  _100_,།  _100_,།  _100_,།  _100_
[འདོད་_100_],འདོད་_100_,འདོད་_100_,འདོད་_100_,འདོད་_100_,འདོད་_100_
[ཡོན་_100_],ཡོན་_100_,ཡོན་_100_,ཡོན་_100_,ཡོན་_100_,ཡོན་_100_
[དང་_100_],དང་_100_,དང་_100_,དང་_100_,དང་_100_,དང་_100_
[གཉེན་_100_],གཉེན་_100_,གཉེན་_100_,གཉེན་_100_,གཉེན་_100_,གཉེན་_100_
[ལ་_100_],ལ་_100_,ལ་_100_,ལ་_100_,ལ་_100_,ལ་_100_
[ཆགས་_100_],ཆགས་_100_,ཆགས་_100_,ཆགས་_100_,ཆགས་_100_,ཆགས་_100_
[པའི་_100_],པའི་_100_,པའི་_100_,པའི་_100_,པའི་_100_,པའི་_100_
[འདོད་_100_],འདོད་_100_,འདོད་_100_,འདོད་_100_,འདོད་_100_,འདོད་_100_
[ཆགས_100_],ཆགས_100_,ཆགས_100_,ཆགས_100_,ཆགས_100_,ཆགས_100_
[། _100_],། _100_,། _100_,། _100_,། _100_,། _100_
[དགྲ་_100_],དགྲ་_100_,དགྲ་_100_,དགྲ་_100_,དགྲ་_100_,དགྲ་_100_
[ལ་_100_],ལ་_100_,ལ་_100_,ལ་_100_,ལ་_100_,ལ་_100_
[སྡང་_100_],སྡང་_100_,སྡང་_100_,སྡང་_100_,སྡང་_100_,སྡང་_100_
[བའི་_100_],བའི་_100_,བའི་_100_,བའི་_100_,བའི་_100_,བའི་_100_
[ཞེ་_100_],ཞེ་_100_,ཞེ་_100_,ཞེ་_100_,ཞེ་_100_,ཞེ་_100_
[སྡང་_100_],སྡང་_100_,སྡང་_100_,སྡང་_100_,སྡང་_100_,སྡང་_100_
[། _100_],། _100_,། _100_,། _100_,། _100_,། _100_
[གཉིད་_100_],གཉིད་_100_,གཉིད་_100_,གཉིད་_100_,གཉིད་_100_,གཉིད་_100_
[དང་_100_],དང་_100_,དང་_100_,དང་_100_,དང་_100_,དང་_100_
[རྨོངས་_100_],རྨོངས་_100_,རྨོངས་_100_,རྨོངས་_100_,རྨོངས་_100_,རྨོངས་_100_
[པའི་_100_],པའི་_100_,པའི་_100_,པའི་_100_,པའི་_100_,པའི་_100_
[གཏི་_100_],གཏི་_100_,གཏི་_100_,གཏི་_100_,གཏི་_100_,གཏི་_100_
[མུག _100_],མུག _100_,མུག _100_,མུག _100_,མུག _100_,མུག _100_
[།​ _100_],།​ _100_,།​ _100_,།​ _100_,།​ _100_,།​ _100_
[ངའོ་_100_],ངའོ་_100_,ངའོ་_100_,ངའོ་_100_,ངའོ་_100_,ངའོ་_100_
[སྙམ་_100_],སྙམ་_100_,སྙམ་_100_,སྙམ་_100_,སྙམ་_100_,སྙམ་_100_
[པའི་ང་_83_],པའི་ང་_83_,པའི་ང་_83_,པའི་_16_,པའི་ང་_83_,པའི་ང་_83_
[རྒྱལ_100_],རྒྱལ_100_,རྒྱལ_100_,རྒྱལ_100_,རྒྱལ_100_,རྒྱལ_100_
[།_100_],།_100_,།_100_,།_100_,།_100_,།_100_
[གཞན་_100_],གཞན་_100_,གཞན་_100_,གཞན་_100_,གཞན་_100_,གཞན་_100_
[འབྱོར་_100_],འབྱོར་_100_,འབྱོར་_100_,འབྱོར་_100_,འབྱོར་_100_,འབྱོར་_100_
[ལ་_100_],ལ་_100_,ལ་_100_,ལ་_100_,ལ་_100_,ལ་_100_
[སྡང་_100_],སྡང་_100_,སྡང་_100_,སྡང་_100_,སྡང་_100_,སྡང་_100_
[བ་_100_],བ་_100_,བ་_100_,བ་_100_,བ་_100_,བ་_100_
[ཕྲག་_100_],ཕྲག་_100_,ཕྲག་_100_,ཕྲག་_100_,ཕྲག་_100_,ཕྲག་_100_
[དོག་_100_],དོག་_100_,དོག་_100_,དོག་_100_,དོག་_100_,དོག་_100_
[སྟེ_100_],སྟེ_100_,སྟེ_100_,སྟེ_100_,སྟེ_100_,སྟེ_100_
[། _100_],། _100_,། _100_,། _100_,། _100_,། _100_
[ཉོན་_100_],ཉོན་_100_,ཉོན་_100_,ཉོན་_100_,ཉོན་_100_,ཉོན་_100_
[མོངས་_100_],མོངས་_100_,མོངས་_100_,མོངས་_100_,མོངས་_100_,མོངས་_100_
[དུག་_100_],དུག་_100_,དུག་_100_,དུག་_100_,དུག་_100_,དུག་_100_
[ལྔ་_100_],ལྔ་_100_,ལྔ་_100_,ལྔ་_100_,ལྔ་_100_,ལྔ་_100_
[རྒྱས་_100_],རྒྱས་_100_,རྒྱས་_100_,རྒྱས་_100_,རྒྱས་_100_,རྒྱས་_100_
[ཤིང་_100_],ཤིང་_100_,ཤིང་_100_,ཤིང་_100_,ཤིང་_100_,ཤིང་_100_
[རྒྱུན་_100_],རྒྱུན་_100_,རྒྱུན་_100_,རྒྱུན་_100_,རྒྱུན་_100_,རྒྱུན་_100_
[ཆད་_100_],ཆད་_100_,ཆད་_100_,ཆད་_100_,ཆད་_100_,ཆད་_100_
[མེད་_100_],མེད་_100_,མེད་_100_,མེད་_100_,མེད་_100_,མེད་_100_
[པའི་_100_],པའི་_100_,པའི་_100_,པའི་_100_,པའི་_100_,པའི་_100_
[རྒྱུའང་_66_],རྒྱུའང་_66_,རྒྱུའང་_66_,རྒྱུ་དང་_16_,རྒྱུ་འང་_16_,རྒྱུའང་_66_
[། _100_],། _100_,། _100_,། _100_,། _100_,། _100_
[དྲན་_100_],དྲན་_100_,དྲན་_100_,དྲན་_100_,དྲན་_100_,དྲན་_100_
[པ་_100_],པ་_100_,པ་_100_,པ་_100_,པ་_100_,པ་_100_
[ཉམས་_100_],ཉམས་_100_,ཉམས་_100_,ཉམས་_100_,ཉམས་_100_,ཉམས་_100_
[པ་_100_],པ་_100_,པ་_100_,པ་_100_,པ་_100_,པ་_100_
[དང་_100_],དང་_100_,དང་_100_,དང་_100_,དང་_100_,དང་_100_
[། _100_],། _100_,། _100_,། _100_,། _100_,། _100_
[རང་_100_],རང་_100_,རང་_100_,རང་_100_,རང་_100_,རང་_100_
[ངོ་_100_],ངོ་_100_,ངོ་_100_,ངོ་_100_,ངོ་_100_,ངོ་_100_
[རང་_100_],རང་_100_,རང་_100_,རང་_100_,རང་_100_,རང་_100_
[གིས་_100_],གིས་_100_,གིས་_100_,གིས་_100_,གིས་_100_,གིས་_100_
[མ་_100_],མ་_100_,མ་_100_,མ་_100_,མ་_100_,མ་_100_
[རིག་_100_],རིག་_100_,རིག་_100_,རིག་_100_,རིག་_100_,རིག་_100_
[པའི་_100_],པའི་_100_,པའི་_100_,པའི་_100_,པའི་_100_,པའི་_100_
[རྒྱུ་_100_],རྒྱུ་_100_,རྒྱུ་_100_,རྒྱུ་_100_,རྒྱུ་_100_,རྒྱུ་_100_
[རྐྱེན་_100_],རྐྱེན་_100_,རྐྱེན་_100_,རྐྱེན་_100_,རྐྱེན་_100_,རྐྱེན་_100_
[ལས་_100_],ལས་_100_,ལས་_100_,ལས་_100_,ལས་_100_,ལས་_100_
[བྱུང་_100_],བྱུང་_100_,བྱུང་_100_,བྱུང་_100_,བྱུང་_100_,བྱུང་_100_
[བས་_100_],བས་_100_,བས་_100_,བས་_100_,བས་_100_,བས་_100_
[ན_100_],ན_100_,ན_100_,ན_100_,ན_100_,ན_100_
[། _100_],། _100_,། _100_,། _100_,། _100_,། _100_
[རང་_100_],རང་_100_,རང་_100_,རང་_100_,རང་_100_,རང་_100_
[ངོ་_100_],ངོ་_100_,ངོ་_100_,ངོ་_100_,ངོ་_100_,ངོ་_100_
[ཤེས་_100_],ཤེས་_100_,ཤེས་_100_,ཤེས་_100_,ཤེས་_100_,ཤེས་_100_
[པ་_100_],པ་_100_,པ་_100_,པ་_100_,པ་_100_,པ་_100_
[དེ་_100_],དེ་_100_,དེ་_100_,དེ་_100_,དེ་_100_,དེ་_100_
[ཀུན་_100_],ཀུན་_100_,ཀུན་_100_,ཀུན་_100_,ཀུན་_100_,ཀུན་_100_
[ཏུ་_100_],ཏུ་_100_,ཏུ་_100_,ཏུ་_100_,ཏུ་_100_,ཏུ་_100_
[བཟང་_100_],བཟང་_100_,བཟང་_100_,བཟང་_100_,བཟང་_100_,བཟང་_100_
[པོའི་_100_],པོའི་_100_,པོའི་_100_,པོའི་_100_,པོའི་_100_,པོའི་_100_
[རང་_100_],རང་_100_,རང་_100_,རང་_100_,རང་_100_,རང་_100_
[བཞིན་_100_],བཞིན་_100_,བཞིན་_100_,བཞིན་_100_,བཞིན་_100_,བཞིན་_100_
[ཡིན་_100_],ཡིན་_100_,ཡིན་_100_,ཡིན་_100_,ཡིན་_100_,ཡིན་_100_
[པས_100_],པས_100_,པས_100_,པས_100_,པས_100_,པས_100_
[། _100_],། _100_,། _100_,། _100_,། _100_,། _100_
[སྨོནལམ་_100_],སྨོནལམ་_100_,སྨོནལམ་_100_,སྨོནལམ་_100_,སྨོནལམ་_100_,སྨོནལམ་_100_
[གྱི་_100_],གྱི་_100_,གྱི་_100_,གྱི་_100_,གྱི་_100_,གྱི་_100_
[སྒྲས་_100_],སྒྲས་_100_,སྒྲས་_100_,སྒྲས་_100_,སྒྲས་_100_,སྒྲས་_100_
[སྟོན་_100_],སྟོན་_100_,སྟོན་_100_,སྟོན་_100_,སྟོན་_100_,སྟོན་_100_
[པའོ_100_],པའོ_100_,པའོ_100_,པའོ_100_,པའོ_100_,པའོ_100_
[། །​_100_],། །​_100_,། །​_100_,། །​_100_,། །​_100_,། །​_100_
[ལྷན་_100_],ལྷན་_100_,ལྷན་_100_,ལྷན་_100_,ལྷན་_100_,ལྷན་_100_
[ཅིག་_100_],ཅིག་_100_,ཅིག་_100_,ཅིག་_100_,ཅིག་_100_,ཅིག་_100_
[སྐྱེས་_100_],སྐྱེས་_100_,སྐྱེས་_100_,སྐྱེས་_100_,སྐྱེས་_100_,སྐྱེས་_100_
[པའི་_100_],པའི་_100_,པའི་_100_,པའི་_100_,པའི་_100_,པའི་_100_
[མ་_100_],མ་_100_,མ་_100_,མ་_100_,མ་_100_,མ་_100_
[རིག་_100_],རིག་_100_,རིག་_100_,རིག་_100_,རིག་_100_,རིག་_100_
[པ_100_],པ_100_,པ_100_,པ_100_,པ_100_,པ_100_
[༔ _100_],༔ _100_,༔ _100_,༔ _100_,༔ _100_,༔ _100_
[ཤེས་_100_],ཤེས་_100_,ཤེས་_100_,ཤེས་_100_,ཤེས་_100_,ཤེས་_100_
[པ་_100_],པ་_100_,པ་_100_,པ་_100_,པ་_100_,པ་_100_
[དྲན་_100_],དྲན་_100_,དྲན་_100_,དྲན་_100_,དྲན་_100_,དྲན་_100_
[མེད་_100_],མེད་_100_,མེད་_100_,མེད་_100_,མེད་_100_,མེད་_100_
[ཡེངས་_100_],ཡེངས་_100_,ཡེངས་_100_,ཡེངས་_100_,ཡེངས་_100_,ཡེངས་_100_
[པ་_100_],པ་_100_,པ་_100_,པ་_100_,པ་_100_,པ་_100_
[ཡིན_100_],ཡིན_100_,ཡིན_100_,ཡིན_100_,ཡིན_100_,ཡིན_100_
[༔ _100_],༔ _100_,༔ _100_,༔ _100_,༔ _100_,༔ _100_
[ཞེས་_100_],ཞེས་_100_,ཞེས་_100_,ཞེས་_100_,ཞེས་_100_,ཞེས་_100_
[པ་_100_],པ་_100_,པ་_100_,པ་_100_,པ་_100_,པ་_100_
[ལ་_100_],ལ་_100_,ལ་_100_,ལ་_100_,ལ་_100_,ལ་_100_
[སོགས་_100_],སོགས་_100_,སོགས་_100_,སོགས་_100_,སོགས་_100_,སོགས་_100_
[པའི་_100_],པའི་_100_,པའི་_100_,པའི་_100_,པའི་_100_,པའི་_100_
[དོན_100_],དོན_100_,དོན_100_,དོན_100_,དོན_100_,དོན_100_
[། _100_],། _100_,། _100_,། _100_,། _100_,། _100_
[ད་_100_],ད་_100_,ད་_100_,ད་_100_,ད་_100_,ད་_100_
[ལྟ་_100_],ལྟ་_100_,ལྟ་_100_,ལྟ་_100_,ལྟ་_100_,ལྟ་_100_
[དྲན་_100_],དྲན་_100_,དྲན་_100_,དྲན་_100_,དྲན་_100_,དྲན་_100_
[པ་_100_],པ་_100_,པ་_100_,པ་_100_,པ་_100_,པ་_100_
[ཡོད་_100_],ཡོད་_100_,ཡོད་_100_,ཡོད་_100_,ཡོད་_100_,ཡོད་_100_
[འཕྲོལ་_66_],འཕྲོལ་_66_,འཕྲོལ་_66_,འཕྲོ་ལ་_33_,འཕྲོ་ལ་_33_,འཕྲོལ་_66_
[བརྗེད་_100_],བརྗེད་_100_,བརྗེད་_100_,བརྗེད་_100_,བརྗེད་_100_,བརྗེད་_100_
[འབྱམས་_100_],འབྱམས་_100_,འབྱམས་_100_,འབྱམས་_100_,འབྱམས་_100_,འབྱམས་_100_
[ཀྱིས་_100_],ཀྱིས་_100_,ཀྱིས་_100_,ཀྱིས་_100_,ཀྱིས་_100_,ཀྱིས་_100_
[ཤེས་_100_],ཤེས་_100_,ཤེས་_100_,ཤེས་_100_,ཤེས་_100_,ཤེས་_100_
[བཞིན་_100_],བཞིན་_100_,བཞིན་_100_,བཞིན་_100_,བཞིན་_100_,བཞིན་_100_
[མ་_100_],མ་_100_,མ་_100_,མ་_100_,མ་_100_,མ་_100_
[ཡིན་_100_],ཡིན་_100_,ཡིན་_100_,ཡིན་_100_,ཡིན་_100_,ཡིན་_100_
[པར་_100_],པར་_100_,པར་_100_,པར་_100_,པར་_100_,པར་_100_
[འགྲོ་_100_],འགྲོ་_100_,འགྲོ་_100_,འགྲོ་_100_,འགྲོ་_100_,འགྲོ་_100_
[བ་_100_],བ་_100_,བ་_100_,བ་_100_,བ་_100_,བ་_100_
[ནི་_100_],ནི་_100_,ནི་_100_,ནི་_100_,ནི་_100_,ནི་_100_
[ལྷན་_100_],ལྷན་_100_,ལྷན་_100_,ལྷན་_100_,ལྷན་_100_,ལྷན་_100_
[སྐྱེས་_100_],སྐྱེས་_100_,སྐྱེས་_100_,སྐྱེས་_100_,སྐྱེས་_100_,སྐྱེས་_100_
[ཀྱི་_100_],ཀྱི་_100_,ཀྱི་_100_,ཀྱི་_100_,ཀྱི་_100_,ཀྱི་_100_
[མ་_100_],མ་_100_,མ་_100_,མ་_100_,མ་_100_,མ་_100_
[རིག་_100_],རིག་_100_,རིག་_100_,རིག་_100_,རིག་_100_,རིག་_100_
[པ་_100_],པ་_100_,པ་_100_,པ་_100_,པ་_100_,པ་_100_
[དང་_100_],དང་_100_,དང་_100_,དང་_100_,དང་_100_,དང་_100_
[། _100_],། _100_,། _100_,། _100_,། _100_,། _100_
[རྣམ་_100_],རྣམ་_100_,རྣམ་_100_,རྣམ་_100_,རྣམ་_100_,རྣམ་_100_
[རྟོག་_100_],རྟོག་_100_,རྟོག་_100_,རྟོག་_100_,རྟོག་_100_,རྟོག་_100_
[གི་_100_],གི་_100_,གི་_100_,གི་_100_,གི་_100_,གི་_100_
[རྗེས་_100_],རྗེས་_100_,རྗེས་_100_,རྗེས་_100_,རྗེས་_100_,རྗེས་_100_
[སུ་_100_],སུ་_100_,སུ་_100_,སུ་_100_,སུ་_100_,སུ་_100_
[བརྟག་_100_],བརྟག་_100_,བརྟག་_100_,བརྟག་_100_,བརྟག་_100_,བརྟག་_100_
[དཔྱད་_100_],དཔྱད་_100_,དཔྱད་_100_,དཔྱད་_100_,དཔྱད་_100_,དཔྱད་_100_
[བསམ་_100_],བསམ་_100_,བསམ་_100_,བསམ་_100_,བསམ་_100_,བསམ་_100_
[གཞིག་_100_],གཞིག་_100_,གཞིག་_100_,གཞིག་_100_,གཞིག་_100_,གཞིག་_100_
[བྱེད་_100_],བྱེད་_100_,བྱེད་_100_,བྱེད་_100_,བྱེད་_100_,བྱེད་_100_
[པ་_100_],པ་_100_,པ་_100_,པ་_100_,པ་_100_,པ་_100_
[ནི་_100_],ནི་_100_,ནི་_100_,ནི་_100_,ནི་_100_,ནི་_100_
[ཀུན་_100_],ཀུན་_100_,ཀུན་_100_,ཀུན་_100_,ཀུན་_100_,ཀུན་_100_
[བརྟགས་_83_],བརྟགས་_83_,བརྟགས་_83_,བརྟགས་_83_,བརྟགས་_83_,རྟགས་_16_
[ཀྱི་_100_],ཀྱི་_100_,ཀྱི་_100_,ཀྱི་_100_,ཀྱི་_100_,ཀྱི་_100_
[མ་_100_],མ་_100_,མ་_100_,མ་_100_,མ་_100_,མ་_100_
[རིག་_100_],རིག་_100_,རིག་_100_,རིག་_100_,རིག་_100_,རིག་_100_
[པ་_100_],པ་_100_,པ་_100_,པ་_100_,པ་_100_,པ་_100_
[ཞེས་_100_],ཞེས་_100_,ཞེས་_100_,ཞེས་_100_,ཞེས་_100_,ཞེས་_100_
[བྱ་_100_],བྱ་_100_,བྱ་_100_,བྱ་_100_,བྱ་_100_,བྱ་_100_
[སྟེ་_100_],སྟེ་_100_,སྟེ་_100_,སྟེ་_100_,སྟེ་_100_,སྟེ་_100_
[འཁྲུལ་_100_],འཁྲུལ་_100_,འཁྲུལ་_100_,འཁྲུལ་_100_,འཁྲུལ་_100_,འཁྲུལ་_100_
[གཞི་_100_],གཞི་_100_,གཞི་_100_,གཞི་_100_,གཞི་_100_,གཞི་_100_
[འདི་_100_],འདི་_100_,འདི་_100_,འདི་_100_,འདི་_100_,འདི་_100_
[ཉིད་_100_],ཉིད་_100_,ཉིད་_100_,ཉིད་_100_,ཉིད་_100_,ཉིད་_100_
[ངོ་_100_],ངོ་_100_,ངོ་_100_,ངོ་_100_,ངོ་_100_,ངོ་_100_
[ཤེས་_100_],ཤེས་_100_,ཤེས་_100_,ཤེས་_100_,ཤེས་_100_,ཤེས་_100_
[ན་_100_],ན་_100_,ན་_100_,ན་_100_,ན་_100_,ན་_100_
[དྲན་_100_],དྲན་_100_,དྲན་_100_,དྲན་_100_,དྲན་_100_,དྲན་_100_
[མེད་_100_],མེད་_100_,མེད་_100_,མེད་_100_,མེད་_100_,མེད་_100_
[ཀྱི་_100_],ཀྱི་_100_,ཀྱི་_100_,ཀྱི་_100_,ཀྱི་_100_,ཀྱི་_100_
[མུན་_100_],མུན་_100_,མུན་_100_,མུན་_100_,མུན་_100_,མུན་_100_
[པ་_100_],པ་_100_,པ་_100_,པ་_100_,པ་_100_,པ་_100_
[སངས_100_],སངས_100_,སངས_100_,སངས_100_,སངས_100_,སངས_100_
[། _100_],། _100_,། _100_,། _100_,། _100_,། _100_
[གཉིས་_100_],གཉིས་_100_,གཉིས་_100_,གཉིས་_100_,གཉིས་_100_,གཉིས་_100_
[འཛིན་_100_],འཛིན་_100_,འཛིན་_100_,འཛིན་_100_,འཛིན་_100_,འཛིན་_100_
[གྱི་_100_],གྱི་_100_,གྱི་_100_,གྱི་_100_,གྱི་_100_,གྱི་_100_
[སྣང་_100_],སྣང་_100_,སྣང་_100_,སྣང་_100_,སྣང་_100_,སྣང་_100_
[བ་_100_],བ་_100_,བ་_100_,བ་_100_,བ་_100_,བ་_100_
[ལོག_100_],ལོག_100_,ལོག_100_,ལོག_100_,ལོག_100_,ལོག_100_
[།  _100_],།  _100_,།  _100_,།  _100_,།  _100_,།  _100_
[རིག་_100_],རིག་_100_,རིག་_100_,རིག་_100_,རིག་_100_,རིག་_100_
[པ་_100_],པ་_100_,པ་_100_,པ་_100_,པ་_100_,པ་_100_
[རང་_100_],རང་_100_,རང་_100_,རང་_100_,རང་_100_,རང་_100_
[ངོ་_100_],ངོ་_100_,ངོ་_100_,ངོ་_100_,ངོ་_100_,ངོ་_100_
[ཤེས་_100_],ཤེས་_100_,ཤེས་_100_,ཤེས་_100_,ཤེས་_100_,ཤེས་_100_
[པས་_100_],པས་_100_,པས་_100_,པས་_100_,པས་_100_,པས་_100_
[ཆུ་_100_],ཆུ་_100_,ཆུ་_100_,ཆུ་_100_,ཆུ་_100_,ཆུ་_100_
[བརྒྱ་_100_],བརྒྱ་_100_,བརྒྱ་_100_,བརྒྱ་_100_,བརྒྱ་_100_,བརྒྱ་_100_
[ཟམ་_100_],ཟམ་_100_,ཟམ་_100_,ཟམ་_100_,ཟམ་_100_,ཟམ་_100_
[འོག་_100_],འོག་_100_,འོག་_100_,འོག་_100_,འོག་_100_,འོག་_100_
[ཏུ་_100_],ཏུ་_100_,ཏུ་_100_,ཏུ་_100_,ཏུ་_100_,ཏུ་_100_
[འདུ་_100_],འདུ་_100_,འདུ་_100_,འདུ་_100_,འདུ་_100_,འདུ་_100_
[བ་_100_],བ་_100_,བ་_100_,བ་_100_,བ་_100_,བ་_100_
[ལྟར་_100_],ལྟར་_100_,ལྟར་_100_,ལྟར་_100_,ལྟར་_100_,ལྟར་_100_
[འཁྲུལ་_100_],འཁྲུལ་_100_,འཁྲུལ་_100_,འཁྲུལ་_100_,འཁྲུལ་_100_,འཁྲུལ་_100_
[གྲོལ་_100_],གྲོལ་_100_,གྲོལ་_100_,གྲོལ་_100_,གྲོལ་_100_,གྲོལ་_100_
[གྱི་_100_],གྱི་_100_,གྱི་_100_,གྱི་_100_,གྱི་_100_,གྱི་_100_
[གནད་_100_],གནད་_100_,གནད་_100_,གནད་_100_,གནད་_100_,གནད་_100_
[རྩ་_100_],རྩ་_100_,རྩ་_100_,རྩ་_100_,རྩ་_100_,རྩ་_100_
[བ་_100_],བ་_100_,བ་_100_,བ་_100_,བ་_100_,བ་_100_
[ཆོད་_100_],ཆོད་_100_,ཆོད་_100_,ཆོད་_100_,ཆོད་_100_,ཆོད་_100_
[པ་_100_],པ་_100_,པ་_100_,པ་_100_,པ་_100_,པ་_100_
[ཡིན་_100_],ཡིན་_100_,ཡིན་_100_,ཡིན་_100_,ཡིན་_100_,ཡིན་_100_
[པས་_100_],པས་_100_,པས་_100_,པས་_100_,པས་_100_,པས་_100_
[དེའི་_100_],དེའི་_100_,དེའི་_100_,དེའི་_100_,དེའི་_100_,དེའི་_100_
[ངང་_100_],ངང་_100_,ངང་_100_,ངང་_100_,ངང་_100_,ངང་_100_
[དུ་_100_],དུ་_100_,དུ་_100_,དུ་_100_,དུ་_100_,དུ་_100_
[རིག་_100_],རིག་_100_,རིག་_100_,རིག་_100_,རིག་_100_,རིག་_100_
[པ་_100_],པ་_100_,པ་_100_,པ་_100_,པ་_100_,པ་_100_
[རང་_100_],རང་_100_,རང་_100_,རང་_100_,རང་_100_,རང་_100_
[ཚོ་_100_],ཚོ་_100_,ཚོ་_100_,ཚོ་_100_,ཚོ་_100_,ཚོ་_100_
[གཟུང་_100_],གཟུང་_100_,གཟུང་_100_,གཟུང་_100_,གཟུང་_100_,གཟུང་_100_
[དགོས_100_],དགོས_100_,དགོས_100_,དགོས_100_,དགོས_100_,དགོས_100_
[། _100_],། _100_,། _100_,། _100_,། _100_,། _100_
[གལ་_100_],གལ་_100_,གལ་_100_,གལ་_100_,གལ་_100_,གལ་_100_
[ཏེ་_100_],ཏེ་_100_,ཏེ་_100_,ཏེ་_100_,ཏེ་_100_,ཏེ་_100_
[མ་_100_],མ་_100_,མ་_100_,མ་_100_,མ་_100_,མ་_100_
[གཟུང་_100_],གཟུང་_100_,གཟུང་_100_,གཟུང་_100_,གཟུང་_100_,གཟུང་_100_
[ན_100_],ན_100_,ན_100_,ན_100_,ན_100_,ན_100_
[། _100_],། _100_,། _100_,། _100_,། _100_,། _100_
[ང་_100_],ང་_100_,ང་_100_,ང་_100_,ང་_100_,ང་_100_
[ལས་_100_],ལས་_100_,ལས་_100_,ལས་_100_,ལས་_100_,ལས་_100_
[ཕ་_100_],ཕ་_100_,ཕ་_100_,ཕ་_100_,ཕ་_100_,ཕ་_100_
[གིའམ_100_],གིའམ_100_,གིའམ_100_,གིའམ_100_,གིའམ_100_,གིའམ_100_
[། _100_],། _100_,། _100_,། _100_,། _100_,། _100_
[ཕ་_100_],ཕ་_100_,ཕ་_100_,ཕ་_100_,ཕ་_100_,ཕ་_100_
[གི་_100_],གི་_100_,གི་_100_,གི་_100_,གི་_100_,གི་_100_
[ལས་_100_],ལས་_100_,ལས་_100_,ལས་_100_,ལས་_100_,ལས་_100_
[ངའོ་_100_],ངའོ་_100_,ངའོ་_100_,ངའོ་_100_,ངའོ་_100_,ངའོ་_100_
[སྙམ་_100_],སྙམ་_100_,སྙམ་_100_,སྙམ་_100_,སྙམ་_100_,སྙམ་_100_
[པའི་_100_],པའི་_100_,པའི་_100_,པའི་_100_,པའི་_100_,པའི་_100_
[གཉིས་_100_],གཉིས་_100_,གཉིས་_100_,གཉིས་_100_,གཉིས་_100_,གཉིས་_100_
[འཛིན་_100_],འཛིན་_100_,འཛིན་_100_,འཛིན་_100_,འཛིན་_100_,འཛིན་_100_
[གྱི་_100_],གྱི་_100_,གྱི་_100_,གྱི་_100_,གྱི་_100_,གྱི་_100_
[བློས་_100_],བློས་_100_,བློས་_100_,བློས་_100_,བློས་_100_,བློས་_100_
[ཞེན་_100_],ཞེན་_100_,ཞེན་_100_,ཞེན་_100_,ཞེན་_100_,ཞེན་_100_
[པའི་_100_],པའི་_100_,པའི་_100_,པའི་_100_,པའི་_100_,པའི་_100_
[ཡུལ་_100_],ཡུལ་_100_,ཡུལ་_100_,ཡུལ་_100_,ཡུལ་_100_,ཡུལ་_100_
[ལ་_100_],ལ་_100_,ལ་_100_,ལ་_100_,ལ་_100_,ལ་_100_
[མཚམས་_100_],མཚམས་_100_,མཚམས་_100_,མཚམས་_100_,མཚམས་_100_,མཚམས་_100_
[སྦྱོར་_100_],སྦྱོར་_100_,སྦྱོར་_100_,སྦྱོར་_100_,སྦྱོར་_100_,སྦྱོར་_100_
[བའི་_100_],བའི་_100_,བའི་_100_,བའི་_100_,བའི་_100_,བའི་_100_
[ཚུལ_100_],ཚུལ_100_,ཚུལ_100_,ཚུལ_100_,ཚུལ_100_,ཚུལ_100_
[། _100_],། _100_,། _100_,། _100_,། _100_,། _100_
[གཉིས་_100_],གཉིས་_100_,གཉིས་_100_,གཉིས་_100_,གཉིས་_100_,གཉིས་_100_
[འཛིན་_100_],འཛིན་_100_,འཛིན་_100_,འཛིན་_100_,འཛིན་_100_,འཛིན་_100_
[བློ་_100_],བློ་_100_,བློ་_100_,བློ་_100_,བློ་_100_,བློ་_100_
[ནི་_100_],ནི་_100_,ནི་_100_,ནི་_100_,ནི་_100_,ནི་_100_
[ཐེ་_100_],ཐེ་_100_,ཐེ་_100_,ཐེ་_100_,ཐེ་_100_,ཐེ་_100_
[ཚོམ་_100_],ཚོམ་_100_,ཚོམ་_100_,ཚོམ་_100_,ཚོམ་_100_,ཚོམ་_100_
[སྟེ_100_],སྟེ_100_,སྟེ_100_,སྟེ_100_,སྟེ_100_,སྟེ_100_
[༔ _100_],༔ _100_,༔ _100_,༔ _100_,༔ _100_,༔ _100_
[ཞེས་_100_],ཞེས་_100_,ཞེས་_100_,ཞེས་_100_,ཞེས་_100_,ཞེས་_100_
[པ་_100_],པ་_100_,པ་_100_,པ་_100_,པ་_100_,པ་_100_
[ལ་_100_],ལ་_100_,ལ་_100_,ལ་_100_,ལ་_100_,ལ་_100_
[སོགས་_100_],སོགས་_100_,སོགས་_100_,སོགས་_100_,སོགས་_100_,སོགས་_100_
[པས་_100_],པས་_100_,པས་_100_,པས་_100_,པས་_100_,པས་_100_
[བསྟན་_100_],བསྟན་_100_,བསྟན་_100_,བསྟན་_100_,བསྟན་_100_,བསྟན་_100_
[པ་_100_],པ་_100_,པ་_100_,པ་_100_,པ་_100_,པ་_100_
[ལྟར་_100_],ལྟར་_100_,ལྟར་_100_,ལྟར་_100_,ལྟར་_100_,ལྟར་_100_
[རིགས་_100_],རིགས་_100_,རིགས་_100_,རིགས་_100_,རིགས་_100_,རིགས་_100_
[དྲུག་_100_],དྲུག་_100_,དྲུག་_100_,དྲུག་_100_,དྲུག་_100_,དྲུག་_100_
[ཏུ་_100_],ཏུ་_100_,ཏུ་_100_,ཏུ་_100_,ཏུ་_100_,ཏུ་_100_
[འཁོར་_100_],འཁོར་_100_,འཁོར་_100_,འཁོར་_100_,འཁོར་_100_,འཁོར་_100_
[བའི་_100_],བའི་_100_,བའི་_100_,བའི་_100_,བའི་_100_,བའི་_100_
[རྒྱུ་_100_],རྒྱུ་_100_,རྒྱུ་_100_,རྒྱུ་_100_,རྒྱུ་_100_,རྒྱུ་_100_
[གཟུང་_100_],གཟུང་_100_,གཟུང་_100_,གཟུང་_100_,གཟུང་_100_,གཟུང་_100_
[འཛིན་_100_],འཛིན་_100_,འཛིན་_100_,འཛིན་_100_,འཛིན་_100_,འཛིན་_100_
[གྱི་_100_],གྱི་_100_,གྱི་_100_,གྱི་_100_,གྱི་_100_,གྱི་_100_
[རྣམ་_100_],རྣམ་_100_,རྣམ་_100_,རྣམ་_100_,རྣམ་_100_,རྣམ་_100_
[རྟོག _100_],རྟོག _100_,རྟོག _100_,རྟོག _100_,རྟོག _100_,རྟོག _100_
[།​_100_],།​_100_,།​_100_,།​_100_,།​_100_,།​_100_
[ཁེངས་_100_],ཁེངས་_100_,ཁེངས་_100_,ཁེངས་_100_,ཁེངས་_100_,ཁེངས་_100_
[སེམས་_100_],སེམས་_100_,སེམས་_100_,སེམས་_100_,སེམས་_100_,སེམས་_100_
[དང་_100_],དང་_100_,དང་_100_,དང་_100_,དང་_100_,དང་_100_
[། _100_],། _100_,། _100_,། _100_,། _100_,། _100_
[འགྲན་_100_],འགྲན་_100_,འགྲན་_100_,འགྲན་_100_,འགྲན་_100_,འགྲན་_100_
[སེམས་_100_],སེམས་_100_,སེམས་_100_,སེམས་_100_,སེམས་_100_,སེམས་_100_
[དང་_100_],དང་_100_,དང་_100_,དང་_100_,དང་_100_,དང་_100_
[། _100_],། _100_,། _100_,། _100_,། _100_,། _100_
[ང་_100_],ང་_100_,ང་_100_,ང་_100_,ང་_100_,ང་_100_
[རྒྱལ་_100_],རྒྱལ་_100_,རྒྱལ་_100_,རྒྱལ་_100_,རྒྱལ་_100_,རྒྱལ་_100_
[དང་_100_],དང་_100_,དང་_100_,དང་_100_,དང་_100_,དང་_100_
[། _100_],། _100_,། _100_,། _100_,། _100_,། _100_
[འདོད་_100_],འདོད་_100_,འདོད་_100_,འདོད་_100_,འདོད་_100_,འདོད་_100_
[ཆགས་_100_],ཆགས་_100_,ཆགས་_100_,ཆགས་_100_,ཆགས་_100_,ཆགས་_100_
[དང་_100_],དང་_100_,དང་_100_,དང་_100_,དང་_100_,དང་_100_
[། _100_],། _100_,། _100_,། _100_,། _100_,། _100_
[གཏི་_100_],གཏི་_100_,གཏི་_100_,གཏི་_100_,གཏི་_100_,གཏི་_100_
[མུག་_100_],མུག་_100_,མུག་_100_,མུག་_100_,མུག་_100_,མུག་_100_
[དང་_100_],དང་_100_,དང་_100_,དང་_100_,དང་_100_,དང་_100_
[། _100_],། _100_,། _100_,། _100_,། _100_,། _100_
[དེས་_100_],དེས་_100_,དེས་_100_,དེས་_100_,དེས་_100_,དེས་_100_
[བསྐྱེད་_100_],བསྐྱེད་_100_,བསྐྱེད་_100_,བསྐྱེད་_100_,བསྐྱེད་_100_,བསྐྱེད་_100_
[པའི་_100_],པའི་_100_,པའི་_100_,པའི་_100_,པའི་_100_,པའི་_100_
[སེམས་_100_],སེམས་_100_,སེམས་_100_,སེམས་_100_,སེམས་_100_,སེམས་_100_
[དང་_100_],དང་_100_,དང་_100_,དང་_100_,དང་_100_,དང་_100_
[།_100_],།_100_,།_100_,།_100_,།_100_,།_100_
[སེམས་_100_],སེམས་_100_,སེམས་_100_,སེམས་_100_,སེམས་_100_,སེམས་_100_
[བྱུང་_100_],བྱུང་_100_,བྱུང་_100_,བྱུང་_100_,བྱུང་_100_,བྱུང་_100_
[ལྔ་_100_],ལྔ་_100_,ལྔ་_100_,ལྔ་_100_,ལྔ་_100_,ལྔ་_100_
[བཅུ་_100_],བཅུ་_100_,བཅུ་_100_,བཅུ་_100_,བཅུ་_100_,བཅུ་_100_
[གང་_100_],གང་_100_,གང་_100_,གང་_100_,གང་_100_,གང་_100_
[ཤར་_100_],ཤར་_100_,ཤར་_100_,ཤར་_100_,ཤར་_100_,ཤར་_100_
[ཡང་_100_],ཡང་_100_,ཡང་_100_,ཡང་_100_,ཡང་_100_,ཡང་_100_
[། _100_],། _100_,། _100_,། _100_,། _100_,། _100_
[འཁོར་_100_],འཁོར་_100_,འཁོར་_100_,འཁོར་_100_,འཁོར་_100_,འཁོར་_100_
[བའི་_100_],བའི་_100_,བའི་_100_,བའི་_100_,བའི་_100_,བའི་_100_
[རྒྱུ་_100_],རྒྱུ་_100_,རྒྱུ་_100_,རྒྱུ་_100_,རྒྱུ་_100_,རྒྱུ་_100_
[ཡིན་_100_],ཡིན་_100_,ཡིན་_100_,ཡིན་_100_,ཡིན་_100_,ཡིན་_100_
[པས་_100_],པས་_100_,པས་_100_,པས་_100_,པས་_100_,པས་_100_
[ན_100_],ན_100_,ན_100_,ན_100_,ན_100_,ན_100_
[།_100_],།_100_,།_100_,།_100_,།_100_,།_100_
[དེའི་_100_],དེའི་_100_,དེའི་_100_,དེའི་_100_,དེའི་_100_,དེའི་_100_
[རྗེས་_100_],རྗེས་_100_,རྗེས་_100_,རྗེས་_100_,རྗེས་_100_,རྗེས་_100_
[སུ་_100_],སུ་_100_,སུ་_100_,སུ་_100_,སུ་_100_,སུ་_100_
[མི་_100_],མི་_100_,མི་_100_,མི་_100_,མི་_100_,མི་_100_
[འབྲང་_100_],འབྲང་_100_,འབྲང་_100_,འབྲང་_100_,འབྲང་_100_,འབྲང་_100_
[། _100_],། _100_,། _100_,། _100_,། _100_,། _100_
[བརྟག་_100_],བརྟག་_100_,བརྟག་_100_,བརྟག་_100_,བརྟག་_100_,བརྟག་_100_
[དཔྱད་_100_],དཔྱད་_100_,དཔྱད་_100_,དཔྱད་_100_,དཔྱད་_100_,དཔྱད་_100_
[མི་_100_],མི་_100_,མི་_100_,མི་_100_,མི་_100_,མི་_100_
[བྱ_100_],བྱ_100_,བྱ_100_,བྱ_100_,བྱ_100_,བྱ_100_
[། _100_],། _100_,། _100_,། _100_,། _100_,། _100_
[གཉེན་_100_],གཉེན་_100_,གཉེན་_100_,གཉེན་_100_,གཉེན་_100_,གཉེན་_100_
[པོས་_100_],པོས་_100_,པོས་_100_,པོས་_100_,པོས་_100_,པོས་_100_
[མི་_100_],མི་_100_,མི་_100_,མི་_100_,མི་_100_,མི་_100_
[འགེག _100_],འགེག _100_,འགེག _100_,འགེག _100_,འགེག _100_,འགེག _100_
[།​_100_],།​_100_,།​_100_,།​_100_,།​_100_,།​_100_
[དགག་_100_],དགག་_100_,དགག་_100_,དགག་_100_,དགག་_100_,དགག་_100_
[སྒྲུབ་_100_],སྒྲུབ་_100_,སྒྲུབ་_100_,སྒྲུབ་_100_,སྒྲུབ་_100_,སྒྲུབ་_100_
[མི་_100_],མི་_100_,མི་_100_,མི་_100_,མི་_100_,མི་_100_
[བྱ་_100_],བྱ་_100_,བྱ་_100_,བྱ་_100_,བྱ་_100_,བྱ་_100_
[བར_100_],བར_100_,བར_100_,བར_100_,བར_100_,བར_100_
[། _100_],། _100_,། _100_,། _100_,། _100_,། _100_
[ཤར་_100_],ཤར་_100_,ཤར་_100_,ཤར་_100_,ཤར་_100_,ཤར་_100_
[ས་_100_],ས་_100_,ས་_100_,ས་_100_,ས་_100_,ས་_100_
[དེ་_100_],དེ་_100_,དེ་_100_,དེ་_100_,དེ་_100_,དེ་_100_
[གར་_100_],གར་_100_,གར་_100_,གར་_100_,གར་_100_,གར་_100_
[ཅོག་_83_],ཅོག་_83_,ཅོག་_83_,ཅོག་_83_,ཅོག་_83_,ཙོག་_16_
[གེ་_100_],གེ་_100_,གེ་_100_,གེ་_100_,གེ་_100_,གེ་_100_
[བཞག་_100_],བཞག་_100_,བཞག་_100_,བཞག་_100_,བཞག་_100_,བཞག་_100_
[ནས་_100_],ནས་_100_,ནས་_100_,ནས་_100_,ནས་_100_,ནས་_100_
[སེམས་_100_],སེམས་_100_,སེམས་_100_,སེམས་_100_,སེམས་_100_,སེམས་_100_
[ལ་_100_],ལ་_100_,ལ་_100_,ལ་_100_,ལ་_100_,ལ་_100_
[བཟོ་_100_],བཟོ་_100_,བཟོ་_100_,བཟོ་_100_,བཟོ་_100_,བཟོ་_100_
[བཅོས་_100_],བཅོས་_100_,བཅོས་_100_,བཅོས་_100_,བཅོས་_100_,བཅོས་_100_
[མི་_100_],མི་_100_,མི་_100_,མི་_100_,མི་_100_,མི་_100_
[བྱ་_100_],བྱ་_100_,བྱ་_100_,བྱ་_100_,བྱ་_100_,བྱ་_100_
[བ་_100_],བ་_100_,བ་_100_,བ་_100_,བ་_100_,བ་_100_
[དེ་_100_],དེ་_100_,དེ་_100_,དེ་_100_,དེ་_100_,དེ་_100_
[ལ་_100_],ལ་_100_,ལ་_100_,ལ་_100_,ལ་_100_,ལ་_100_
[ཐ་_100_],ཐ་_100_,ཐ་_100_,ཐ་_100_,ཐ་_100_,ཐ་_100_
[མལ་_100_],མལ་_100_,མལ་_100_,མལ་_100_,མལ་_100_,མལ་_100_
[གྱི་_100_],གྱི་_100_,གྱི་_100_,གྱི་_100_,གྱི་_100_,གྱི་_100_
[ཤེས་_100_],ཤེས་_100_,ཤེས་_100_,ཤེས་_100_,ཤེས་_100_,ཤེས་_100_
[པ་_100_],པ་_100_,པ་_100_,པ་_100_,པ་_100_,པ་_100_
[ཞེས་_100_],ཞེས་_100_,ཞེས་_100_,ཞེས་_100_,ཞེས་_100_,ཞེས་_100_
[བྱ་_100_],བྱ་_100_,བྱ་_100_,བྱ་_100_,བྱ་_100_,བྱ་_100_
[སྟེ_100_],སྟེ_100_,སྟེ_100_,སྟེ_100_,སྟེ_100_,སྟེ_100_
[། _100_],། _100_,། _100_,། _100_,། _100_,། _100_
[སོམ། རང་_33_],སོམ། རང་_33_,སོམ། ངང་_33_,སོ་མ། ངང་_16_,སོ་མ། རང་_16_,སོམ། ངང་_33_
[བཞག_100_],བཞག_100_,བཞག_100_,བཞག_100_,བཞག_100_,བཞག_100_
[། _100_],། _100_,། _100_,། _100_,། _100_,། _100_
[རང་_100_],རང་_100_,རང་_100_,རང་_100_,རང་_100_,རང་_100_
[བབས_100_],བབས_100_,བབས_100_,བབས_100_,བབས_100_,བབས_100_
[། _100_],། _100_,། _100_,། _100_,། _100_,། _100_
[བརྗོད་_100_],བརྗོད་_100_,བརྗོད་_100_,བརྗོད་_100_,བརྗོད་_100_,བརྗོད་_100_
[བྲལ་_100_],བྲལ་_100_,བྲལ་_100_,བྲལ་_100_,བྲལ་_100_,བྲལ་_100_
[གྱི་_100_],གྱི་_100_,གྱི་_100_,གྱི་_100_,གྱི་_100_,གྱི་_100_
[ངང་_100_],ངང་_100_,ངང་_100_,ངང་_100_,ངང་_100_,ངང་_100_
[དུ་_100_],དུ་_100_,དུ་_100_,དུ་_100_,དུ་_100_,དུ་_100_
[དྲན་_100_],དྲན་_100_,དྲན་_100_,དྲན་_100_,དྲན་_100_,དྲན་_100_
[པའི་_100_],པའི་_100_,པའི་_100_,པའི་_100_,པའི་_100_,པའི་_100_
[སོ་_100_],སོ་_100_,སོ་_100_,སོ་_100_,སོ་_100_,སོ་_100_
[པས་_83_],པས་_83_,པས་_83_,པས་_83_,པས་_83_,བས་_16_
[བསྐྱངས་_100_],བསྐྱངས་_100_,བསྐྱངས་_100_,བསྐྱངས་_100_,བསྐྱངས་_100_,བསྐྱངས་_100_
[ན_100_],ན_100_,ན_100_,ན_100_,ན_100_,ན_100_
[། _100_],། _100_,། _100_,། _100_,། _100_,། _100_
[འགྲོ་_100_],འགྲོ་_100_,འགྲོ་_100_,འགྲོ་_100_,འགྲོ་_100_,འགྲོ་_100_
[བ་_100_],བ་_100_,བ་_100_,བ་_100_,བ་_100_,བ་_100_
[རིགས་_100_],རིགས་_100_,རིགས་_100_,རིགས་_100_,རིགས་_100_,རིགས་_100_
[དྲུག་_100_],དྲུག་_100_,དྲུག་_100_,དྲུག་_100_,དྲུག་_100_,དྲུག་_100_
[ཏུ་_100_],ཏུ་_100_,ཏུ་_100_,ཏུ་_100_,ཏུ་_100_,ཏུ་_100_
[འཁོར་_100_],འཁོར་_100_,འཁོར་_100_,འཁོར་_100_,འཁོར་_100_,འཁོར་_100_
[བའི་_100_],བའི་_100_,བའི་_100_,བའི་_100_,བའི་_100_,བའི་_100_
[རྒྱུ་_100_],རྒྱུ་_100_,རྒྱུ་_100_,རྒྱུ་_100_,རྒྱུ་_100_,རྒྱུ་_100_
[ཟད_100_],ཟད_100_,ཟད_100_,ཟད_100_,ཟད_100_,ཟད_100_
[། _100_],། _100_,། _100_,། _100_,། _100_,། _100_
[འབྲས་_100_],འབྲས་_100_,འབྲས་_100_,འབྲས་_100_,འབྲས་_100_,འབྲས་_100_
[བུ་_100_],བུ་_100_,བུ་_100_,བུ་_100_,བུ་_100_,བུ་_100_
[སྟོངས_100_],སྟོངས_100_,སྟོངས_100_,སྟོངས_100_,སྟོངས_100_,སྟོངས_100_
[། _100_],། _100_,། _100_,། _100_,། _100_,། _100_
[ཀུན་_100_],ཀུན་_100_,ཀུན་_100_,ཀུན་_100_,ཀུན་_100_,ཀུན་_100_
[གཞི་_100_],གཞི་_100_,གཞི་_100_,གཞི་_100_,གཞི་_100_,གཞི་_100_
[སངས་_100_],སངས་_100_,སངས་_100_,སངས་_100_,སངས་_100_,སངས་_100_
[རྒྱས་_100_],རྒྱས་_100_,རྒྱས་_100_,རྒྱས་_100_,རྒྱས་_100_,རྒྱས་_100_
[ང་_100_],ང་_100_,ང་_100_,ང་_100_,ང་_100_,ང་_100_
[དང་_100_],དང་_100_,དང་_100_,དང་_100_,དང་_100_,དང་_100_
[མཉམ་_100_],མཉམ་_100_,མཉམ་_100_,མཉམ་_100_,མཉམ་_100_,མཉམ་_100_
[པའི་_100_],པའི་_100_,པའི་_100_,པའི་_100_,པའི་_100_,པའི་_100_
[ཐ་_100_],ཐ་_100_,ཐ་_100_,ཐ་_100_,ཐ་_100_,ཐ་_100_
[སྙད་_100_],སྙད་_100_,སྙད་_100_,སྙད་_100_,སྙད་_100_,སྙད་_100_
[བཞག་_100_],བཞག་_100_,བཞག་_100_,བཞག་_100_,བཞག་_100_,བཞག་_100_
[ལ_100_],ལ_100_,ལ_100_,ལ_100_,ལ_100_,ལ_100_
[། _100_],། _100_,། _100_,། _100_,། _100_,། _100_
[སེམས་_100_],སེམས་_100_,སེམས་_100_,སེམས་_100_,སེམས་_100_,སེམས་_100_
[ཅན་_100_],ཅན་_100_,ཅན་_100_,ཅན་_100_,ཅན་_100_,ཅན་_100_
[རྣམས་_100_],རྣམས་_100_,རྣམས་_100_,རྣམས་_100_,རྣམས་_100_,རྣམས་_100_
[ནི་_100_],ནི་_100_,ནི་_100_,ནི་_100_,ནི་_100_,ནི་_100_
[དྲན་_100_],དྲན་_100_,དྲན་_100_,དྲན་_100_,དྲན་_100_,དྲན་_100_
[པ་_100_],པ་_100_,པ་_100_,པ་_100_,པ་_100_,པ་_100_
[ཉམས་_100_],ཉམས་_100_,ཉམས་_100_,ཉམས་_100_,ཉམས་_100_,ཉམས་_100_
[པས་_100_],པས་_100_,པས་_100_,པས་_100_,པས་_100_,པས་_100_
[འཁྲུལ_100_],འཁྲུལ_100_,འཁྲུལ_100_,འཁྲུལ_100_,འཁྲུལ_100_,འཁྲུལ_100_
[།་_50_],།་_50_,། _50_,། _50_,། _50_,།་_50_
[གཟུང་_100_],གཟུང་_100_,གཟུང་_100_,གཟུང་_100_,གཟུང་_100_,གཟུང་_100_
[བའི་_100_],བའི་_100_,བའི་_100_,བའི་_100_,བའི་_100_,བའི་_100_
[ཡུལ་_100_],ཡུལ་_100_,ཡུལ་_100_,ཡུལ་_100_,ཡུལ་_100_,ཡུལ་_100_
[ལ་_100_],ལ་_100_,ལ་_100_,ལ་_100_,ལ་_100_,ལ་_100_
[འཛིན་_100_],འཛིན་_100_,འཛིན་_100_,འཛིན་_100_,འཛིན་_100_,འཛིན་_100_
[པའི་_100_],པའི་_100_,པའི་_100_,པའི་_100_,པའི་_100_,པའི་_100_
[སེམས་_100_],སེམས་_100_,སེམས་_100_,སེམས་_100_,སེམས་_100_,སེམས་_100_
[ཆགས་_100_],ཆགས་_100_,ཆགས་_100_,ཆགས་_100_,ཆགས་_100_,ཆགས་_100_
[པས_100_],པས_100_,པས_100_,པས_100_,པས_100_,པས_100_
[། _100_],། _100_,། _100_,། _100_,། _100_,། _100_
[རྨི་_100_],རྨི་_100_,རྨི་_100_,རྨི་_100_,རྨི་_100_,རྨི་_100_
[ལམ་_100_],ལམ་_100_,ལམ་_100_,ལམ་_100_,ལམ་_100_,ལམ་_100_
[བཞིན་_100_],བཞིན་_100_,བཞིན་_100_,བཞིན་_100_,བཞིན་_100_,བཞིན་_100_
[དུ་_100_],དུ་_100_,དུ་_100_,དུ་_100_,དུ་_100_,དུ་_100_
[རིགས་_100_],རིགས་_100_,རིགས་_100_,རིགས་_100_,རིགས་_100_,རིགས་_100_
[དྲུག་_100_],དྲུག་_100_,དྲུག་_100_,དྲུག་_100_,དྲུག་_100_,དྲུག་_100_
[བརྒྱུད་_100_],བརྒྱུད་_100_,བརྒྱུད་_100_,བརྒྱུད་_100_,བརྒྱུད་_100_,བརྒྱུད་_100_
[མར་_100_],མར་_100_,མར་_100_,མར་_100_,མར་_100_,མར་_100_
[འཁོར་_100_],འཁོར་_100_,འཁོར་_100_,འཁོར་_100_,འཁོར་_100_,འཁོར་_100_
[བས་_100_],བས་_100_,བས་_100_,བས་_100_,བས་_100_,བས་_100_
[ན་_100_],ན་_100_,ན་_100_,ན་_100_,ན་_100_,ན་_100_
[འཁོར་_100_],འཁོར་_100_,འཁོར་_100_,འཁོར་_100_,འཁོར་_100_,འཁོར་_100_
[འདས་_100_],འདས་_100_,འདས་_100_,འདས་_100_,འདས་_100_,འདས་_100_
[ཀྱི་_100_],ཀྱི་_100_,ཀྱི་_100_,ཀྱི་_100_,ཀྱི་_100_,ཀྱི་_100_
[སོ་_100_],སོ་_100_,སོ་_100_,སོ་_100_,སོ་_100_,སོ་_100_
[མཚམས་_100_],མཚམས་_100_,མཚམས་_100_,མཚམས་_100_,མཚམས་_100_,མཚམས་_100_
[རང་_100_],རང་_100_,རང་_100_,རང་_100_,རང་_100_,རང་_100_
[ངོ་_100_],ངོ་_100_,ངོ་_100_,ངོ་_100_,ངོ་_100_,ངོ་_100_
[ཤེས་_100_],ཤེས་_100_,ཤེས་_100_,ཤེས་_100_,ཤེས་_100_,ཤེས་_100_
[མ་_100_],མ་_100_,མ་_100_,མ་_100_,མ་_100_,མ་_100_
[ཤེས་_100_],ཤེས་_100_,ཤེས་_100_,ཤེས་_100_,ཤེས་_100_,ཤེས་_100_
[ལས་_100_],ལས་_100_,ལས་_100_,ལས་_100_,ལས་_100_,ལས་_100_
[མེད་_100_],མེད་_100_,མེད་_100_,མེད་_100_,མེད་_100_,མེད་_100_
[པར་_100_],པར་_100_,པར་_100_,པར་_100_,པར་_100_,པར་_100_
[རིག་_100_],རིག་_100_,རིག་_100_,རིག་_100_,རིག་_100_,རིག་_100_
[པར་_100_],པར་_100_,པར་_100_,པར་_100_,པར་_100_,པར་_100_
[བྱའོ_100_],བྱའོ_100_,བྱའོ_100_,བྱའོ_100_,བྱའོ_100_,བྱའོ_100_
[། །​_100_],། །​_100_,། །​_100_,། །​_100_,། །​_100_,། །​_100_
[ཞེས་_100_],ཞེས་_100_,ཞེས་_100_,ཞེས་_100_,ཞེས་_100_,ཞེས་_100_
[ཉེ་_100_],ཉེ་_100_,ཉེ་_100_,ཉེ་_100_,ཉེ་_100_,ཉེ་_100_
[བར་_100_],བར་_100_,བར་_100_,བར་_100_,བར་_100_,བར་_100_
[བསྡུས་_100_],བསྡུས་_100_,བསྡུས་_100_,བསྡུས་_100_,བསྡུས་_100_,བསྡུས་_100_
[སོ_100_],སོ_100_,སོ_100_,སོ_100_,སོ_100_,སོ_100_
[། །​_100_],། །​_100_,། །​_100_,། །​_100_,། །​_100_,། །​_100_
[གཞི་_100_],གཞི་_100_,གཞི་_100_,གཞི་_100_,གཞི་_100_,གཞི་_100_
[ལམ་_100_],ལམ་_100_,ལམ་_100_,ལམ་_100_,ལམ་_100_,ལམ་_100_
[འབྲས་_100_],འབྲས་_100_,འབྲས་_100_,འབྲས་_100_,འབྲས་_100_,འབྲས་_100_
[བུའི་_100_],བུའི་_100_,བུའི་_100_,བུའི་_100_,བུའི་_100_,བུའི་_100_
[ཐ་_100_],ཐ་_100_,ཐ་_100_,ཐ་_100_,ཐ་_100_,ཐ་_100_
[སྙད་_100_],སྙད་_100_,སྙད་_100_,སྙད་_100_,སྙད་_100_,སྙད་_100_
[ཆོས་_83_],ཆོས་_83_,ཆོས་_83_,ཆོས་_83_,ཆོས་_83_,ཆོས་དངོས་_16_
[ཀུན་_100_],ཀུན་_100_,ཀུན་_100_,ཀུན་_100_,ཀུན་_100_,ཀུན་_100_
[ལ_100_],ལ_100_,ལ_100_,ལ_100_,ལ_100_,ལ_100_
[། །​_100_],། །​_100_,། །​_100_,། །​_100_,། །​_100_,། །​_100_
[གྲགས་_100_],གྲགས་_100_,གྲགས་_100_,གྲགས་_100_,གྲགས་_100_,གྲགས་_100_
[ཀྱང་_100_],ཀྱང་_100_,ཀྱང་_100_,ཀྱང་_100_,ཀྱང་_100_,ཀྱང་_100_
[རྫོགས་_100_],རྫོགས་_100_,རྫོགས་_100_,རྫོགས་_100_,རྫོགས་_100_,རྫོགས་_100_
[ཆེན་_100_],ཆེན་_100_,ཆེན་_100_,ཆེན་_100_,ཆེན་_100_,ཆེན་_100_
[གཞི་_100_],གཞི་_100_,གཞི་_100_,གཞི་_100_,གཞི་_100_,གཞི་_100_
[ཡི་_100_],ཡི་_100_,ཡི་_100_,ཡི་_100_,ཡི་_100_,ཡི་_100_
[གནས་_100_],གནས་_100_,གནས་_100_,གནས་_100_,གནས་_100_,གནས་_100_
[ལུགས་_100_],ལུགས་_100_,ལུགས་_100_,ལུགས་_100_,ལུགས་_100_,ལུགས་_100_
[ནི_100_],ནི_100_,ནི_100_,ནི_100_,ནི_100_,ནི_100_
[། །​_100_],། །​_100_,། །​_100_,། །​_100_,། །​_100_,། །​_100_
[འཁོར་_100_],འཁོར་_100_,འཁོར་_100_,འཁོར་_100_,འཁོར་_100_,འཁོར་_100_
[འདས་_100_],འདས་_100_,འདས་_100_,འདས་_100_,འདས་_100_,འདས་_100_
[གྱིས་_83_],གྱིས་_83_,གྱིས་_83_,གྱིས་_83_,གྱིས་_83_,ཀྱིས་_16_
[མདོ་_100_],མདོ་_100_,མདོ་_100_,མདོ་_100_,མདོ་_100_,མདོ་_100_
[གཏན་_100_],གཏན་_100_,གཏན་_100_,གཏན་_100_,གཏན་_100_,གཏན་_100_
[ལ་_100_],ལ་_100_,ལ་_100_,ལ་_100_,ལ་_100_,ལ་_100_
[དབབ་_100_],དབབ་_100_,དབབ་_100_,དབབ་_100_,དབབ་_100_,དབབ་_100_
[པའི་_100_],པའི་_100_,པའི་_100_,པའི་_100_,པའི་_100_,པའི་_100_
[ཕྱིར_100_],ཕྱིར_100_,ཕྱིར_100_,ཕྱིར_100_,ཕྱིར_100_,ཕྱིར_100_
[། །​_100_],། །​_100_,། །​_100_,། །​_100_,། །​_100_,། །​_100_
[ཟློས་_100_],ཟློས་_100_,ཟློས་_100_,ཟློས་_100_,ཟློས་_100_,ཟློས་_100_
[དང་མ་ཚང་_50_],དང་མ་ཚང་_50_,དང་མཚང་_50_,དང་མཚང་_50_,དང་མ་ཚང་_50_,དང་མཚང་_50_
[གཞུང་_100_],གཞུང་_100_,གཞུང་_100_,གཞུང་_100_,གཞུང་_100_,གཞུང་_100_
[གིས་_100_],གིས་_100_,གིས་_100_,གིས་_100_,གིས་_100_,གིས་_100_
[མི་_100_],མི་_100_,མི་_100_,མི་_100_,མི་_100_,མི་_100_
[འཚལ་_100_],འཚལ་_100_,འཚལ་_100_,འཚལ་_100_,འཚལ་_100_,འཚལ་_100_
[བས_100_],བས_100_,བས_100_,བས_100_,བས_100_,བས_100_
[། །​_100_],། །​_100_,། །​_100_,། །​_100_,། །​_100_,། །​_100_
[བཅུ་_100_],བཅུ་_100_,བཅུ་_100_,བཅུ་_100_,བཅུ་_100_,བཅུ་_100_
[བདུན་_100_],བདུན་_100_,བདུན་_100_,བདུན་_100_,བདུན་_100_,བདུན་_100_
[རྒྱུད་_100_],རྒྱུད་_100_,རྒྱུད་_100_,རྒྱུད་_100_,རྒྱུད་_100_,རྒྱུད་_100_
[དང་_100_],དང་_100_,དང་_100_,དང་_100_,དང་_100_,དང་_100_
[དེ་_100_],དེ་_100_,དེ་_100_,དེ་_100_,དེ་_100_,དེ་_100_
[ཡི་_100_],ཡི་_100_,ཡི་_100_,ཡི་_100_,ཡི་_100_,ཡི་_100_
[དགོངས་_100_],དགོངས་_100_,དགོངས་_100_,དགོངས་_100_,དགོངས་_100_,དགོངས་_100_
[པ་_100_],པ་_100_,པ་_100_,པ་_100_,པ་_100_,པ་_100_
[ནི_100_],ནི_100_,ནི_100_,ནི_100_,ནི_100_,ནི_100_
[། །​_100_],། །​_100_,། །​_100_,། །​_100_,། །​_100_,། །​_100_
[ཇི་_100_],ཇི་_100_,ཇི་_100_,ཇི་_100_,ཇི་_100_,ཇི་_100_
[བཞིན་_100_],བཞིན་_100_,བཞིན་_100_,བཞིན་_100_,བཞིན་_100_,བཞིན་_100_
[རྟོགས་_100_],རྟོགས་_100_,རྟོགས་_100_,རྟོགས་_100_,རྟོགས་_100_,རྟོགས་_100_
[ནས་_100_],ནས་_100_,ནས་_100_,ནས་_100_,ནས་_100_,ནས་_100_
[གཞན་_100_],གཞན་_100_,གཞན་_100_,གཞན་_100_,གཞན་_100_,གཞན་_100_
[ལ་_100_],ལ་_100_,ལ་_100_,ལ་_100_,ལ་_100_,ལ་_100_
[འདོམས་_100_],འདོམས་_100_,འདོམས་_100_,འདོམས་_100_,འདོམས་_100_,འདོམས་_100_
[མཁས་_100_],མཁས་_100_,མཁས་_100_,མཁས་_100_,མཁས་_100_,མཁས་_100_
[པ_100_],པ_100_,པ_100_,པ_100_,པ_100_,པ_100_
[། །​_100_],། །​_100_,། །​_100_,། །​_100_,། །​_100_,། །​_100_
[དྲི་_100_],དྲི་_100_,དྲི་_100_,དྲི་_100_,དྲི་_100_,དྲི་_100_
[མེད་_100_],མེད་_100_,མེད་_100_,མེད་_100_,མེད་_100_,མེད་_100_
[འོད་_100_],འོད་_100_,འོད་_100_,འོད་_100_,འོད་_100_,འོད་_100_
[ཟེར་_100_],ཟེར་_100_,ཟེར་_100_,ཟེར་_100_,ཟེར་_100_,ཟེར་_100_
[སྟོང་_100_],སྟོང་_100_,སྟོང་_100_,སྟོང་_100_,སྟོང་_100_,སྟོང་_100_
[གིས་_100_],གིས་_100_,གིས་_100_,གིས་_100_,གིས་_100_,གིས་_100_
[ཕྱེ་_83_],ཕྱེ་_83_,ཕྱེ་_83_,ཕྱེ་_83_,བྱེ་_16_,ཕྱེ་_83_
[བའི་_100_],བའི་_100_,བའི་_100_,བའི་_100_,བའི་_100_,བའི་_100_
[གཞུང་_100_],གཞུང་_100_,གཞུང་_100_,གཞུང་_100_,གཞུང་_100_,གཞུང་_100_
[། །​_100_],། །​_100_,། །​_100_,། །​_100_,། །​_100_,། །​_100_
[ཐེག་_100_],ཐེག་_100_,ཐེག་_100_,ཐེག་_100_,ཐེག་_100_,ཐེག་_100_
[མཆོག་_100_],མཆོག་_100_,མཆོག་_100_,མཆོག་_100_,མཆོག་_100_,མཆོག་_100_
[རིན་_100_],རིན་_100_,རིན་_100_,རིན་_100_,རིན་_100_,རིན་_100_
[ཆེན་_100_],ཆེན་_100_,ཆེན་_100_,ཆེན་_100_,ཆེན་_100_,ཆེན་_100_
[མཛོད་_100_],མཛོད་_100_,མཛོད་_100_,མཛོད་_100_,མཛོད་_100_,མཛོད་_100_
[ལས་_100_],ལས་_100_,ལས་_100_,ལས་_100_,ལས་_100_,ལས་_100_
[གཞན་_100_],གཞན་_100_,གཞན་_100_,གཞན་_100_,གཞན་_100_,གཞན་_100_
[གྱིས་_100_],གྱིས་_100_,གྱིས་_100_,གྱིས་_100_,གྱིས་_100_,གྱིས་_100_
[མིན_100_],མིན_100_,མིན_100_,མིན_100_,མིན_100_,མིན_100_
[། །​_100_],། །​_100_,། །​_100_,། །​_100_,། །​_100_,། །​_100_
[འདི་_100_],འདི་_100_,འདི་_100_,འདི་_100_,འདི་_100_,འདི་_100_
[ནི་_100_],ནི་_100_,ནི་_100_,ནི་_100_,ནི་_100_,ནི་_100_
[རྡོར་_83_],རྡོར་_83_,རྡོར་_83_,རྡོ་རྗེར་_16_,རྡོར་_83_,རྡོར་_83_
[བྲག་_100_],བྲག་_100_,བྲག་_100_,བྲག་_100_,བྲག་_100_,བྲག་_100_
[སྤྲུལ་_100_],སྤྲུལ་_100_,སྤྲུལ་_100_,སྤྲུལ་_100_,སྤྲུལ་_100_,སྤྲུལ་_100_
[སྐུའི་_100_],སྐུའི་_100_,སྐུའི་_100_,སྐུའི་_100_,སྐུའི་_100_,སྐུའི་_100_
[དགོངས་_100_],དགོངས་_100_,དགོངས་_100_,དགོངས་_100_,དགོངས་_100_,དགོངས་_100_
[བཞེད་_83_],བཞེད་_83_,བཞེད་_83_,བཞེས་_16_,བཞེད་_83_,བཞེད་_83_
[བཞིན_100_],བཞིན_100_,བཞིན_100_,བཞིན_100_,བཞིན_100_,བཞིན_100_
[། །​_100_],། །​_100_,། །​_100_,། །​_100_,། །​_100_,། །​_100_
[བློ་_100_],བློ་_100_,བློ་_100_,བློ་_100_,བློ་_100_,བློ་_100_
[དམན་_100_],དམན་_100_,དམན་_100_,དམན་_100_,དམན་_100_,དམན་_100_
[རྣམས་_100_],རྣམས་_100_,རྣམས་_100_,རྣམས་_100_,རྣམས་_100_,རྣམས་_100_
[ལ་_100_],ལ་_100_,ལ་_100_,ལ་_100_,ལ་_100_,ལ་_100_
[ཕན་_100_],ཕན་_100_,ཕན་_100_,ཕན་_100_,ཕན་_100_,ཕན་_100_
[ཕྱིར་_100_],ཕྱིར་_100_,ཕྱིར་_100_,ཕྱིར་_100_,ཕྱིར་_100_,ཕྱིར་_100_
[གཞུང་_100_],གཞུང་_100_,གཞུང་_100_,གཞུང་_100_,གཞུང་_100_,གཞུང་_100_
[དེ་_100_],དེ་_100_,དེ་_100_,དེ་_100_,དེ་_100_,དེ་_100_
[གའི_100_],གའི_100_,གའི_100_,གའི_100_,གའི_100_,གའི_100_
[། །​_100_],། །​_100_,། །​_100_,། །​_100_,། །​_100_,། །​_100_
[ཚིག་_100_],ཚིག་_100_,ཚིག་_100_,ཚིག་_100_,ཚིག་_100_,ཚིག་_100_
[དོན་_100_],དོན་_100_,དོན་_100_,དོན་_100_,དོན་_100_,དོན་_100_
[རང་_100_],རང་_100_,རང་_100_,རང་_100_,རང་_100_,རང་_100_
[སར་_100_],སར་_100_,སར་_100_,སར་_100_,སར་_100_,སར་_100_
[འབྱེད་_100_],འབྱེད་_100_,འབྱེད་_100_,འབྱེད་_100_,འབྱེད་_100_,འབྱེད་_100_
[པའི་_100_],པའི་_100_,པའི་_100_,པའི་_100_,པའི་_100_,པའི་_100_
[དབང་_100_],དབང་_100_,དབང་_100_,དབང་_100_,དབང་_100_,དབང་_100_
[བྱས་_100_],བྱས་_100_,བྱས་_100_,བྱས་_100_,བྱས་_100_,བྱས་_100_
[ཏེ_100_],ཏེ_100_,ཏེ_100_,ཏེ_100_,ཏེ_100_,ཏེ_100_
[། །​_100_],། །​_100_,། །​_100_,། །​_100_,། །​_100_,། །​_100_
[ཀློང་_100_],ཀློང་_100_,ཀློང་_100_,ཀློང་_100_,ཀློང་_100_,ཀློང་_100_
[ཆེན་_100_],ཆེན་_100_,ཆེན་_100_,ཆེན་_100_,ཆེན་_100_,ཆེན་_100_
[ནམ་_100_],ནམ་_100_,ནམ་_100_,ནམ་_100_,ནམ་_100_,ནམ་_100_
[མཁའི་_100_],མཁའི་_100_,མཁའི་_100_,མཁའི་_100_,མཁའི་_100_,མཁའི་_100_
[རྣལ་_100_],རྣལ་_100_,རྣལ་_100_,རྣལ་_100_,རྣལ་_100_,རྣལ་_100_
[འབྱོར་_100_],འབྱོར་_100_,འབྱོར་_100_,འབྱོར་_100_,འབྱོར་_100_,འབྱོར་_100_
[དེ་_100_],དེ་_100_,དེ་_100_,དེ་_100_,དེ་_100_,དེ་_100_
[ཡིས་_100_],ཡིས་_100_,ཡིས་_100_,ཡིས་_100_,ཡིས་_100_,ཡིས་_100_
[སོ_100_],སོ_100_,སོ_100_,སོ_100_,སོ_100_,སོ_100_
[། །​ །​_100_],། །​ །​_100_,། །​ །​_100_,། །​ །​_100_,། །​ །​_100_,། །​ །​_100_
